co,no,no2,o3,so2,pm2_5,pm10,nh3,aqi,timestamp,city,hour,day,month,aqi_change_rate,temp
164.51,0.1,0.85,157.45,2.42,18.62,39.65,6.55,4.0,2026-05-26 08:35:23.143445,Rawalpindi,8,26,5,0.0,
164.51,0.1,0.85,157.45,2.42,18.62,39.65,6.55,4.0,2026-05-26 08:46:07.167346,Rawalpindi,8,26,5,0.0,37.83
568.04,0.0,22.0,89.94,3.82,30.67,61.49,57.35,3.0,2026-05-26 16:39:53.212924,Rawalpindi,16,26,5,-1.0,31.72
617.32,0.0,22.37,82.11,4.04,38.09,71.01,74.28,3.0,2026-05-26 19:15:18.170339,Rawalpindi,19,26,5,0.0,30.05
588.89,0.0,16.69,82.77,3.88,45.13,80.21,95.07,3.0,2026-05-26 21:40:17.026530,Rawalpindi,21,26,5,0.0,28.38
577.01,0.0,15.4,83.87,3.9,46.12,81.94,102.15,3.0,2026-05-26 23:05:41.585245,Rawalpindi,23,26,5,0.0,27.83
776.71,2.9,22.75,87.75,4.86,56.4,99.37,136.74,4.0,2026-05-27 02:56:55.065926,Rawalpindi,2,27,5,1.0,31.16
242.41,0.16,1.55,171.49,4.59,39.75,89.05,16.45,4.0,2026-05-27 07:04:13.247710,Rawalpindi,7,27,5,0.0,40.05
144.77,0.1,1.33,143.14,2.93,26.09,65.68,5.65,4.0,2026-05-27 11:34:41.153426,Rawalpindi,11,27,5,0.0,40.05
446.05,0.0,18.88,113.73,4.35,35.76,76.76,41.97,3.0,2026-05-27 15:29:23.576414,Rawalpindi,15,27,5,-1.0,34.49
570.47,0.0,21.27,96.59,5.12,44.78,90.02,72.69,3.0,2026-05-27 18:23:22.489064,Rawalpindi,18,27,5,0.0,30.61
557.29,0.0,16.59,78.45,3.65,43.1,87.81,69.53,3.0,2026-05-27 20:59:59.771737,Rawalpindi,20,27,5,0.0,31.92
600.95,0.0,16.85,66.99,3.49,46.93,92.32,80.96,3.0,2026-05-27 22:46:27.934500,Rawalpindi,22,27,5,0.0,28.38
630.27,0.0,17.51,59.92,3.35,48.43,94.22,82.35,3.0,2026-05-27 23:58:14.255194,Rawalpindi,23,27,5,0.0,27.83
670.79,2.74,15.62,104.81,4.18,40.22,86.71,38.5,3.0,2026-05-28 03:52:48.510961,Rawalpindi,3,28,5,0.0,34.49
151.16,0.11,0.86,143.79,1.15,14.44,34.53,4.93,4.0,2026-05-28 07:54:03.178035,Rawalpindi,7,28,5,1.0,38.38
196.86,0.39,4.62,140.39,1.22,14.02,33.79,9.93,4.0,2026-05-28 11:34:53.933294,Rawalpindi,11,28,5,0.0,39.49
481.91,0.0,19.01,84.27,2.39,21.1,42.4,29.67,2.0,2026-05-28 15:40:55.515844,Rawalpindi,15,28,5,-2.0,33.38
603.28,0.0,20.21,70.09,3.66,28.37,51.39,50.63,3.0,2026-05-28 18:33:31.909970,Rawalpindi,18,28,5,1.0,30.61
630.45,0.0,18.04,68.12,4.52,36.23,58.7,67.34,3.0,2026-05-28 21:06:21.036706,Rawalpindi,21,28,5,0.0,27.83
651.55,0.0,16.35,62.88,4.87,41.73,64.33,79.41,3.0,2026-05-28 23:11:42.225067,Rawalpindi,23,28,5,0.0,26.72
811.94,3.19,16.3,64.08,4.57,48.57,73.79,58.35,3.0,2026-05-29 02:47:36.703625,Rawalpindi,2,29,5,0.0,29.49
404.47,0.2,2.22,193.19,9.82,65.47,87.69,27.81,5.0,2026-05-29 06:52:10.688812,Rawalpindi,6,29,5,2.0,35.61
287.12,0.15,2.96,176.84,6.5,48.71,65.57,17.27,4.0,2026-05-29 10:42:16.915702,Rawalpindi,10,29,5,-1.0,37.83
387.79,0.02,8.32,167.48,8.59,63.26,76.24,23.01,4.0,2026-05-29 13:57:10.293621,Rawalpindi,13,29,5,0.0,35.05
536.4,0.0,12.35,119.86,6.87,65.68,79.38,31.07,4.0,2026-05-29 17:33:49.798769,Rawalpindi,17,29,5,0.0,30.61
558.53,0.0,11.11,101.58,6.0,65.11,78.61,33.56,4.0,2026-05-29 20:14:50.899741,Rawalpindi,20,29,5,0.0,29.49
560.75,0.0,8.26,91.45,5.59,63.55,76.85,35.91,4.0,2026-05-29 22:26:32.540002,Rawalpindi,22,29,5,0.0,28.38
600.15,0.0,7.9,78.45,4.77,64.58,78.19,40.23,4.0,2026-05-30 00:06:24.027992,Rawalpindi,0,30,5,0.0,27.27
440.16,0.31,3.07,146.64,11.26,59.21,70.83,40.33,4.0,2026-05-30 04:49:40.759807,Rawalpindi,4,30,5,0.0,33.83
304.33,0.09,1.46,169.02,5.47,45.55,52.46,18.42,4.0,2026-05-30 07:38:17.401200,Rawalpindi,7,30,5,0.0,36.81
276.84,0.07,1.47,168.17,3.48,35.27,40.73,14.38,4.0,2026-05-30 09:55:45.214664,Rawalpindi,9,30,5,0.0,38.37
274.69,0.09,1.59,168.51,3.0,31.81,37.03,14.3,4.0,2026-05-30 11:18:09.394513,Rawalpindi,11,30,5,0.0,37.78
310.38,0.11,4.85,162.42,3.4,32.57,41.36,16.88,4.0,2026-05-30 13:19:42.484887,Rawalpindi,13,30,5,0.0,36.27
444.95,0.0,11.97,128.66,3.25,36.83,48.34,27.89,3.0,2026-05-30 15:03:13.380888,Rawalpindi,15,30,5,-1.0,27.83
549.07,0.0,14.61,106.42,3.09,40.84,54.85,37.82,3.0,2026-05-30 16:58:27.188941,Rawalpindi,16,30,5,0.0,26.72
592.5,0.0,15.53,97.94,3.08,42.66,57.74,43.15,3.0,2026-05-30 18:04:22.638384,Rawalpindi,18,30,5,0.0,26.72
640.76,0.0,16.04,86.93,3.44,51.0,66.63,66.39,4.0,2026-05-30 20:06:35.236873,Rawalpindi,20,30,5,1.0,26.72
663.68,0.0,14.21,81.44,3.7,58.78,74.61,84.07,4.0,2026-05-30 21:57:57.492657,Rawalpindi,21,30,5,0.0,25.61
659.44,0.0,12.79,81.26,3.77,60.87,76.59,86.82,4.0,2026-05-30 22:59:18.230378,Rawalpindi,22,30,5,0.0,25.05
653.83,0.0,11.53,81.07,3.66,62.03,77.57,83.56,4.0,2026-05-31 00:05:43.669111,Rawalpindi,0,31,5,0.0,25.05
439.05,0.32,3.32,156.98,7.52,41.33,53.74,26.89,4.0,2026-05-31 05:15:43.702144,Rawalpindi,5,31,5,0.0,30.05
283.84,0.08,1.15,170.13,6.06,38.4,49.48,15.13,4.0,2026-05-31 08:39:55.606428,Rawalpindi,8,31,5,0.0,33.94
285.51,0.08,1.3,170.74,5.58,39.38,51.11,15.37,4.0,2026-05-31 10:54:58.701129,Rawalpindi,10,31,5,0.0,34.49
286.02,0.07,1.47,170.23,5.35,39.31,51.52,15.41,4.0,2026-05-31 12:08:21.454161,Rawalpindi,12,31,5,0.0,36.58
437.09,0.03,10.83,137.59,5.04,46.89,59.03,26.7,3.0,2026-05-31 14:28:54.928194,Rawalpindi,14,31,5,-1.0,31.16
553.96,0.0,14.75,109.85,4.25,51.18,66.67,34.13,4.0,2026-05-31 16:03:46.401990,Rawalpindi,16,31,5,1.0,29.49
638.14,0.0,16.21,96.47,4.06,54.31,72.32,42.31,4.0,2026-05-31 17:58:10.377009,Rawalpindi,17,31,5,0.0,28.38
656.37,0.0,16.05,91.99,3.97,56.6,74.78,45.35,4.0,2026-05-31 19:20:50.217053,Rawalpindi,19,31,5,0.0,27.83
686.07,0.0,14.59,82.01,3.31,56.83,74.75,42.09,4.0,2026-05-31 20:54:46.728886,Rawalpindi,20,31,5,0.0,27.83
695.6,0.0,13.85,77.26,3.07,55.1,72.6,40.24,4.0,2026-05-31 21:56:53.917045,Rawalpindi,21,31,5,0.0,27.27
704.18,0.0,13.04,74.25,3.05,54.22,71.27,39.17,4.0,2026-05-31 22:59:27.898850,Rawalpindi,22,31,5,0.0,26.72
711.42,0.0,12.3,71.89,3.14,53.47,69.92,38.49,4.0,2026-06-01 00:11:47.867437,Rawalpindi,0,1,6,0.0,26.72
398.36,0.2,2.05,173.46,9.33,47.15,58.64,32.55,4.0,2026-06-01 05:58:45.667115,Rawalpindi,5,1,6,0.0,31.72
336.0,0.1,2.4,171.24,4.69,44.81,55.74,26.93,4.0,2026-06-01 11:43:55.937190,Rawalpindi,11,1,6,0.0,34.49
744.38,0.0,19.81,96.03,3.93,53.6,67.54,85.66,4.0,2026-06-01 17:29:53.593143,Rawalpindi,17,1,6,0.0,31.16
823.85,0.0,17.18,83.5,3.86,64.4,78.52,101.97,4.0,2026-06-01 21:27:46.281609,Rawalpindi,21,1,6,0.0,29.49
875.3,0.0,16.3,72.61,3.79,70.9,85.21,108.87,4.0,2026-06-01 23:24:38.012551,Rawalpindi,23,1,6,0.0,28.94
428.43,0.26,3.54,166.35,11.64,39.95,51.09,29.15,4.0,2026-06-02 03:32:23.456425,Rawalpindi,3,2,6,0.0,30.61
349.2,0.1,1.28,179.33,7.31,46.09,59.99,24.26,4.0,2026-06-02 08:25:16.116798,Rawalpindi,8,2,6,0.0,36.16
411.04,0.07,5.35,168.96,6.29,55.58,73.72,35.07,4.0,2026-06-02 12:38:23.714938,Rawalpindi,12,2,6,0.0,36.72
849.21,0.0,18.29,106.1,4.72,80.35,95.64,97.46,5.0,2026-06-02 17:18:18.216652,Rawalpindi,17,2,6,1.0,32.25
949.78,0.0,13.57,94.93,4.79,115.78,132.46,140.54,5.0,2026-06-02 20:42:39.579939,Rawalpindi,20,2,6,0.0,28.52
1009.44,0.0,12.25,89.12,4.18,133.2,150.48,142.95,5.0,2026-06-02 22:59:37.205410,Rawalpindi,22,2,6,0.0,27.99
1116.44,0.49,14.72,77.02,4.06,143.83,161.94,129.64,5.0,2026-06-03 01:43:44.908557,Rawalpindi,1,3,6,0.0,29.28
382.81,0.15,1.92,170.31,6.58,51.86,73.92,28.17,4.0,2026-06-03 06:49:38.624586,Rawalpindi,6,3,6,-1.0,33.94
459.5,0.06,5.64,162.95,5.42,60.68,77.25,34.7,4.0,2026-06-03 11:53:53.256592,Rawalpindi,11,3,6,0.0,36.16
759.41,0.0,21.92,102.64,6.87,72.95,98.06,169.67,4.0,2026-06-03 16:30:33.106223,Rawalpindi,16,3,6,0.0,31.72
871.27,0.0,21.41,82.11,7.05,92.16,118.84,242.99,5.0,2026-06-03 20:16:41.891013,Rawalpindi,20,3,6,1.0,28.38
958.63,0.0,19.0,66.58,6.7,109.26,136.94,289.08,5.0,2026-06-03 23:03:31.531345,Rawalpindi,23,3,6,0.0,27.83
811.22,1.31,10.07,110.82,5.59,90.24,109.76,52.61,5.0,2026-06-04 03:34:54.646255,Rawalpindi,3,4,6,0.0,33.6
391.18,0.12,1.47,167.51,3.78,55.29,69.97,22.64,4.0,2026-06-04 08:17:01.571877,Rawalpindi,8,4,6,-1.0,36.08
449.74,0.1,6.99,149.13,3.6,52.05,63.05,30.84,4.0,2026-06-04 11:48:51.982515,Rawalpindi,11,4,6,0.0,28.39
717.36,0.0,26.24,98.67,3.56,42.84,56.65,129.21,3.0,2026-06-04 14:49:33.905858,Rawalpindi,14,4,6,-1.0,22.83
840.17,0.0,27.77,75.87,4.3,55.62,74.09,197.04,4.0,2026-06-04 17:42:28.248462,Rawalpindi,17,4,6,1.0,27.07
841.47,0.0,25.87,68.68,4.29,61.04,81.43,237.68,4.0,2026-06-04 20:00:01.371665,Rawalpindi,20,4,6,0.0,25.87
821.52,0.0,21.56,63.74,3.66,65.98,88.92,237.52,4.0,2026-06-04 21:48:33.687588,Rawalpindi,21,4,6,0.0,25.6
819.02,0.0,20.13,60.77,3.13,67.75,91.93,220.76,4.0,2026-06-04 23:06:45.282382,Rawalpindi,23,4,6,0.0,25.41
1001.93,4.07,20.32,57.75,2.76,82.73,110.72,184.62,5.0,2026-06-05 02:57:00.108927,Rawalpindi,2,5,6,1.0,25.61
365.44,0.14,1.41,168.54,4.68,41.91,57.66,29.97,4.0,2026-06-05 07:08:18.947679,Rawalpindi,7,5,6,-1.0,32.27
331.03,0.1,1.63,163.47,3.43,38.65,50.37,23.45,4.0,2026-06-05 11:23:58.660453,Rawalpindi,11,5,6,0.0,33.94
627.2,0.0,18.75,103.09,3.16,50.82,66.3,71.76,4.0,2026-06-05 14:40:00.326803,Rawalpindi,14,5,6,0.0,30.61
744.1,0.0,21.52,79.3,2.9,54.28,71.91,92.27,4.0,2026-06-05 17:12:32.446632,Rawalpindi,17,5,6,0.0,27.27
740.08,0.0,18.42,58.7,2.04,50.98,70.43,100.56,4.0,2026-06-05 19:48:46.035721,Rawalpindi,19,5,6,0.0,25.61
725.45,0.0,16.66,56.67,1.89,50.85,70.91,104.27,4.0,2026-06-05 21:22:09.191945,Rawalpindi,21,5,6,0.0,24.84
717.32,0.0,15.31,57.26,2.29,53.4,75.29,142.91,4.0,2026-06-05 23:03:48.125400,Rawalpindi,23,5,6,0.0,24.49
834.72,3.05,18.9,69.89,3.42,59.23,84.77,210.28,4.0,2026-06-06 02:43:56.014520,Rawalpindi,2,6,6,0.0,28.94
629.34,0.64,6.4,188.45,4.39,78.47,102.2,108.93,5.0,2026-06-06 06:26:53.911545,Rawalpindi,6,6,6,1.0,33.94
272.05,0.09,0.99,159.22,2.61,26.22,42.07,18.8,4.0,2026-06-06 09:23:09.751836,Rawalpindi,9,6,6,-1.0,37.27
288.83,0.16,2.1,158.24,2.53,28.01,44.34,24.04,4.0,2026-06-06 11:22:01.489863,Rawalpindi,11,6,6,0.0,36.72
291.62,0.16,5.3,138.87,1.92,24.08,40.25,31.08,3.0,2026-06-06 13:22:39.112147,Rawalpindi,13,6,6,-1.0,35.05
458.48,0.0,14.4,100.1,2.24,29.01,46.89,72.96,3.0,2026-06-06 15:11:22.094406,Rawalpindi,15,6,6,0.0,31.16
580.37,0.0,18.58,84.74,2.75,34.76,54.81,133.71,3.0,2026-06-06 17:07:18.184745,Rawalpindi,17,6,6,0.0,29.49
613.09,0.0,18.98,80.23,3.13,41.16,62.64,183.68,3.0,2026-06-06 19:14:49.569200,Rawalpindi,19,6,6,0.0,28.38
573.48,0.0,15.24,84.3,3.21,44.17,66.62,212.61,3.0,2026-06-06 20:59:40.895630,Rawalpindi,20,6,6,0.0,27.83
553.96,0.0,13.74,86.32,3.21,45.21,68.38,223.82,3.0,2026-06-06 22:09:16.520383,Rawalpindi,22,6,6,0.0,26.16
546.7,0.0,12.64,86.77,3.24,48.48,73.73,252.16,3.0,2026-06-07 00:00:55.870210,Rawalpindi,0,7,6,0.0,27.92
603.32,1.45,10.89,146.97,3.09,63.69,94.33,154.79,4.0,2026-06-07 05:19:11.612732,Rawalpindi,5,7,6,1.0,35.05
209.09,0.09,0.75,147.64,1.59,23.03,45.68,17.29,4.0,2026-06-07 08:50:50.017663,Rawalpindi,8,7,6,0.0,37.83
216.8,0.15,1.57,146.45,1.53,23.44,46.11,20.76,4.0,2026-06-07 11:06:21.985166,Rawalpindi,11,7,6,0.0,37.83
375.84,0.09,13.06,121.44,2.08,27.63,50.29,75.73,3.0,2026-06-07 13:43:30.757440,Rawalpindi,13,7,6,-1.0,36.16
445.98,0.0,16.2,109.8,2.45,29.26,52.81,105.6,3.0,2026-06-07 15:21:39.512623,Rawalpindi,15,7,6,0.0,32.83
548.02,0.0,19.28,95.87,3.12,37.46,63.36,172.41,3.0,2026-06-07 17:10:58.777198,Rawalpindi,17,7,6,0.0,31.72
589.03,0.0,18.62,81.91,2.92,43.0,70.63,194.81,3.0,2026-06-07 19:16:02.960961,Rawalpindi,19,7,6,0.0,29.49
564.38,0.0,15.38,69.68,2.11,44.52,73.91,175.29,3.0,2026-06-07 21:07:30.713193,Rawalpindi,21,7,6,0.0,28.38
514.36,0.0,12.68,61.25,1.58,41.54,73.46,144.55,3.0,2026-06-07 23:01:04.772436,Rawalpindi,23,7,6,0.0,26.72
564.83,2.68,15.3,113.15,2.74,44.89,85.29,153.12,3.0,2026-06-08 03:32:35.227599,Rawalpindi,3,8,6,0.0,32.83
174.9,0.09,0.73,141.56,0.99,22.56,50.54,14.16,4.0,2026-06-08 08:50:23.159881,Rawalpindi,8,8,6,1.0,38.94
237.74,0.25,5.87,133.25,1.29,24.97,54.32,33.69,3.0,2026-06-08 13:03:23.946580,Rawalpindi,13,8,6,-1.0,38.94
628.46,0.0,21.19,91.71,3.54,49.4,84.17,147.34,3.0,2026-06-08 17:20:26.656453,Rawalpindi,17,8,6,0.0,31.16
684.84,0.0,18.03,74.37,3.62,60.34,96.21,171.91,4.0,2026-06-08 20:09:02.633489,Rawalpindi,20,8,6,1.0,31.35
673.1,0.0,15.02,73.83,3.88,64.52,102.13,201.21,4.0,2026-06-08 22:23:46.026661,Rawalpindi,22,8,6,0.0,27.27
660.38,0.0,13.48,79.44,4.41,69.11,109.0,237.58,4.0,2026-06-09 00:02:05.568415,Rawalpindi,0,9,6,0.0,26.16
767.34,1.37,13.98,180.74,5.15,102.72,148.76,187.03,5.0,2026-06-09 05:01:26.557399,Rawalpindi,5,9,6,1.0,36.16
197.1,0.12,1.26,158.71,2.19,34.73,68.38,19.06,4.0,2026-06-09 09:34:50.302759,Rawalpindi,9,9,6,-1.0,40.61
310.23,0.24,8.32,146.94,2.91,40.55,73.48,38.28,4.0,2026-06-09 12:33:26.098031,Rawalpindi,12,9,6,0.0,40.61
622.57,0.0,20.7,100.53,4.4,62.85,105.79,99.61,4.0,2026-06-09 15:51:42.429202,Rawalpindi,15,9,6,0.0,33.94
731.17,0.0,22.81,90.33,5.38,74.71,123.26,145.44,4.0,2026-06-09 17:58:08.749386,Rawalpindi,17,9,6,0.0,30.61
720.43,0.0,19.26,83.52,5.58,79.85,134.46,171.31,5.0,2026-06-09 20:09:44.874713,Rawalpindi,20,9,6,1.0,29.49
659.31,0.0,14.01,86.02,5.37,83.62,144.67,176.86,5.0,2026-06-09 22:20:50.175062,Rawalpindi,22,9,6,0.0,31.33
634.32,0.0,12.36,83.12,4.74,85.93,150.0,177.18,5.0,2026-06-10 00:08:57.443044,Rawalpindi,0,10,6,0.0,27.83
816.77,1.54,12.98,156.08,4.65,112.83,184.56,106.63,5.0,2026-06-10 05:13:36.905073,Rawalpindi,5,10,6,0.0,37.27
204.95,0.1,1.36,159.25,2.95,42.02,88.21,18.02,4.0,2026-06-10 09:51:08.632732,Rawalpindi,9,10,6,-1.0,42.27
285.33,0.19,6.92,147.35,3.36,46.22,92.67,32.2,4.0,2026-06-10 12:53:00.281307,Rawalpindi,12,10,6,0.0,40.61
666.72,0.0,21.65,86.74,4.53,60.51,108.72,117.25,4.0,2026-06-10 16:32:48.267223,Rawalpindi,16,10,6,0.0,35.61
725.82,0.0,19.98,74.1,4.99,71.66,121.54,165.2,4.0,2026-06-10 19:31:51.933005,Rawalpindi,19,10,6,0.0,32.83
715.34,0.0,16.43,71.91,5.22,76.38,127.89,186.53,5.0,2026-06-10 21:56:07.685938,Rawalpindi,21,10,6,1.0,30.61
714.43,0.0,15.44,70.11,5.32,78.02,130.2,196.95,5.0,2026-06-10 23:23:48.598293,Rawalpindi,23,10,6,0.0,29.49
553.0,0.97,9.36,115.55,5.82,60.44,115.64,61.98,4.0,2026-06-11 03:30:39.380176,Rawalpindi,3,11,6,-1.0,35.05
203.61,0.04,1.23,153.74,5.22,42.22,80.67,16.28,4.0,2026-06-11 08:41:20.145128,Rawalpindi,8,11,6,0.0,40.61
443.06,0.37,14.78,122.14,5.0,48.0,74.97,53.05,3.0,2026-06-11 12:41:26.309250,Rawalpindi,12,11,6,-1.0,40.05
547.23,0.0,6.22,170.17,10.75,90.5,112.12,45.26,5.0,2026-06-11 16:50:20.205721,Rawalpindi,16,11,6,2.0,31.72
588.01,0.0,7.19,128.01,10.17,81.42,99.74,57.43,5.0,2026-06-11 19:32:40.291161,Rawalpindi,19,11,6,0.0,28.38
588.07,0.0,7.01,104.48,8.03,77.44,94.31,64.36,5.0,2026-06-11 21:58:59.776771,Rawalpindi,21,11,6,0.0,27.84
590.64,0.0,6.76,96.84,7.18,77.37,93.53,66.24,5.0,2026-06-11 23:28:46.117289,Rawalpindi,23,11,6,0.0,27.27
562.36,0.4,6.67,99.61,6.87,77.4,91.59,53.96,5.0,2026-06-12 03:29:53.600791,Rawalpindi,3,12,6,0.0,28.38
342.91,0.11,1.89,163.27,3.59,57.43,62.17,14.43,4.0,2026-06-12 08:21:17.715973,Rawalpindi,8,12,6,-1.0,36.32
250.38,0.06,2.21,146.26,1.49,33.32,38.32,11.55,4.0,2026-06-12 12:15:38.005077,Rawalpindi,12,12,6,0.0,37.59
486.08,0.0,11.67,112.42,2.38,51.34,59.56,56.02,4.0,2026-06-12 16:14:29.437840,Rawalpindi,16,12,6,0.0,31.93
464.65,0.0,7.08,113.5,2.89,43.14,49.8,51.97,3.0,2026-06-12 19:01:51.515350,Rawalpindi,19,12,6,-1.0,29.9
519.98,0.0,9.45,93.9,2.56,48.44,56.65,106.13,3.0,2026-06-12 21:28:55.833320,Rawalpindi,21,12,6,0.0,26.72
549.58,0.0,9.78,84.32,2.61,54.0,63.69,143.5,4.0,2026-06-12 23:13:42.215362,Rawalpindi,23,12,6,1.0,25.61
527.23,0.99,8.8,83.25,2.39,48.28,60.06,65.85,3.0,2026-06-13 02:55:32.130832,Rawalpindi,2,13,6,-1.0,28.94
251.31,0.11,1.07,147.47,4.44,38.3,52.19,13.26,4.0,2026-06-13 06:56:37.016953,Rawalpindi,6,13,6,1.0,29.41
225.89,0.11,1.49,139.11,2.32,32.74,47.83,14.01,3.0,2026-06-13 09:56:26.077343,Rawalpindi,9,13,6,-1.0,32.83
273.1,0.22,4.28,133.34,2.21,33.93,48.23,25.78,3.0,2026-06-13 11:53:11.987445,Rawalpindi,11,13,6,0.0,32.83
292.34,0.02,4.15,136.07,1.93,28.72,32.86,22.37,3.0,2026-06-13 13:50:14.078459,Rawalpindi,13,13,6,0.0,31.72
333.0,0.0,6.35,116.31,1.85,28.2,33.3,39.79,3.0,2026-06-13 15:41:12.633603,Rawalpindi,15,13,6,0.0,30.05
383.49,0.0,8.85,99.31,1.7,29.12,35.14,55.55,3.0,2026-06-13 17:18:39.423615,Rawalpindi,17,13,6,0.0,29.49
455.37,0.0,12.17,75.54,1.42,30.73,38.25,80.36,3.0,2026-06-13 19:19:19.641862,Rawalpindi,19,13,6,0.0,27.83
491.17,0.0,12.92,60.51,1.3,33.83,42.4,110.41,3.0,2026-06-13 21:10:48.128677,Rawalpindi,21,13,6,0.0,27.27
524.0,0.0,13.59,51.67,1.43,38.76,48.78,149.9,3.0,2026-06-13 23:00:47.021223,Rawalpindi,23,13,6,0.0,25.61
290.48,0.29,2.48,130.55,2.68,23.76,33.34,24.57,3.0,2026-06-14 03:33:02.454795,Rawalpindi,3,14,6,0.0,30.61
244.23,0.1,0.88,145.2,1.5,24.99,32.94,15.6,4.0,2026-06-14 08:12:13.603798,Rawalpindi,8,14,6,1.0,35.05
247.11,0.09,1.21,145.21,1.44,26.9,36.07,17.48,4.0,2026-06-14 11:27:42.283883,Rawalpindi,11,14,6,0.0,35.61
327.06,0.05,7.35,127.43,1.91,27.7,36.67,40.22,3.0,2026-06-14 13:52:53.880840,Rawalpindi,13,14,6,-1.0,34.49
422.04,0.0,10.7,107.53,2.3,33.67,44.73,60.98,3.0,2026-06-14 15:47:18.666908,Rawalpindi,15,14,6,0.0,32.83
487.01,0.0,12.98,95.94,2.42,37.25,49.53,74.93,3.0,2026-06-14 17:16:22.329448,Rawalpindi,17,14,6,0.0,31.16
572.3,0.0,15.4,81.28,2.78,45.18,59.22,109.76,3.0,2026-06-14 19:19:13.136790,Rawalpindi,19,14,6,0.0,30.05
590.96,0.0,13.5,76.0,2.88,53.63,68.81,118.45,4.0,2026-06-14 21:06:56.272063,Rawalpindi,21,14,6,1.0,29.49
574.55,0.0,11.25,75.77,2.85,57.79,73.64,112.44,4.0,2026-06-14 23:04:24.228540,Rawalpindi,23,14,6,0.0,28.38
477.75,0.64,6.92,130.72,4.87,49.92,67.49,46.57,3.0,2026-06-15 03:43:12.487493,Rawalpindi,3,15,6,-1.0,31.16
273.94,0.08,1.56,150.64,3.98,39.81,60.75,19.72,4.0,2026-06-15 09:58:47.933418,Rawalpindi,9,15,6,1.0,37.27
459.84,0.0,7.92,140.01,5.44,55.25,66.37,48.07,4.0,2026-06-15 15:49:50.154044,Rawalpindi,15,15,6,0.0,31.16
576.8,0.0,10.41,102.22,3.67,57.54,69.39,71.54,4.0,2026-06-15 19:48:49.517798,Rawalpindi,19,15,6,0.0,29.49
585.97,0.0,9.43,87.56,2.96,55.13,67.01,76.73,4.0,2026-06-15 22:15:41.987598,Rawalpindi,22,15,6,0.0,25.61
616.47,0.0,9.86,73.21,2.5,54.49,66.93,84.36,4.0,2026-06-16 00:27:39.978110,Rawalpindi,0,16,6,0.0,26.16
333.82,0.12,1.36,168.16,9.29,53.02,70.35,21.59,4.0,2026-06-16 06:30:43.663932,Rawalpindi,6,16,6,0.0,34.6
298.94,0.09,1.87,161.17,5.47,48.38,65.91,20.61,4.0,2026-06-16 12:09:58.418178,Rawalpindi,12,16,6,0.0,35.72
671.39,0.0,17.7,88.38,3.29,63.9,86.67,86.72,4.0,2026-06-16 18:01:49.829022,Rawalpindi,18,16,6,0.0,29.49
743.76,0.0,15.22,56.91,2.24,79.56,105.05,108.75,5.0,2026-06-16 21:39:47.088655,Rawalpindi,21,16,6,1.0,28.38
748.1,0.0,14.12,54.35,2.07,82.74,109.16,101.37,5.0,2026-06-16 23:21:06.793983,Rawalpindi,23,16,6,0.0,27.27
425.54,0.44,4.52,128.48,4.72,54.74,90.89,33.9,4.0,2026-06-17 03:36:58.762446,Rawalpindi,3,17,6,-1.0,30.61
261.36,0.08,1.0,141.24,2.37,39.74,64.09,18.96,4.0,2026-06-17 08:58:54.707618,Rawalpindi,8,17,6,0.0,36.72
319.79,0.19,5.67,129.11,2.09,38.18,59.97,32.49,3.0,2026-06-17 12:53:55.048645,Rawalpindi,12,17,6,-1.0,34.32
597.74,0.0,17.0,72.49,2.1,48.42,70.4,78.77,3.0,2026-06-17 16:36:43.781992,Rawalpindi,16,17,6,0.0,28.89
577.22,0.0,14.32,66.42,1.41,54.04,79.73,82.56,4.0,2026-06-17 19:22:38.782072,Rawalpindi,19,17,6,1.0,29.48
471.39,0.0,8.69,69.53,1.06,51.87,78.65,73.85,4.0,2026-06-17 21:57:32.054703,Rawalpindi,21,17,6,0.0,25.61
463.91,0.0,8.4,64.44,0.93,51.95,78.4,73.33,4.0,2026-06-17 23:25:16.354791,Rawalpindi,23,17,6,0.0,25.05
630.25,2.73,12.82,46.03,1.13,58.4,87.5,79.36,4.0,2026-06-18 03:29:01.303674,Rawalpindi,3,18,6,0.0,28.94
271.27,0.09,1.15,141.27,1.31,39.58,59.1,19.68,4.0,2026-06-18 08:41:23.355984,Rawalpindi,8,18,6,0.0,35.61
264.77,0.06,1.73,136.88,1.21,37.89,56.2,19.77,3.0,2026-06-18 12:21:26.064276,Rawalpindi,12,18,6,-1.0,36.16
417.01,0.0,10.38,98.55,1.72,38.76,53.97,46.82,3.0,2026-06-18 16:26:13.370684,Rawalpindi,16,18,6,0.0,28.6
531.18,0.0,13.83,65.24,1.14,43.63,61.38,67.86,3.0,2026-06-18 19:24:30.922553,Rawalpindi,19,18,6,0.0,30.05
535.95,0.0,11.33,58.44,0.86,48.75,68.75,73.96,3.0,2026-06-18 22:02:57.290842,Rawalpindi,22,18,6,0.0,27.83
587.17,0.0,12.79,49.95,1.1,54.93,76.05,115.71,4.0,2026-06-19 00:23:10.794757,Rawalpindi,0,19,6,1.0,26.72
350.07,0.26,2.36,151.6,2.08,49.57,70.5,32.69,4.0,2026-06-19 06:13:43.380904,Rawalpindi,6,19,6,0.0,33.38
291.11,0.24,4.94,120.46,1.49,33.49,48.13,29.7,3.0,2026-06-19 11:18:15.775070,Rawalpindi,11,19,6,-1.0,33.83
480.42,0.0,17.32,78.45,1.67,31.04,45.56,63.89,3.0,2026-06-19 14:55:08.737626,Rawalpindi,14,19,6,0.0,26.16
557.11,0.0,18.85,60.41,1.62,34.89,51.95,80.84,3.0,2026-06-19 17:15:40.540602,Rawalpindi,17,19,6,0.0,26.72
531.34,0.0,15.19,55.23,1.09,38.9,59.87,87.67,3.0,2026-06-19 19:43:58.515497,Rawalpindi,19,19,6,0.0,25.61
506.9,0.0,13.12,55.11,0.9,39.58,61.64,84.99,3.0,2026-06-19 21:05:57.905205,Rawalpindi,21,19,6,0.0,25.05
473.35,0.0,10.94,48.69,0.68,40.26,62.99,81.41,3.0,2026-06-19 22:52:11.885366,Rawalpindi,22,19,6,0.0,24.49
476.41,0.0,11.06,43.53,0.66,41.29,65.03,84.97,3.0,2026-06-20 00:05:53.427965,Rawalpindi,0,20,6,0.0,24.49
512.93,1.79,8.61,106.13,1.37,47.9,74.39,62.88,3.0,2026-06-20 05:09:20.219085,Rawalpindi,5,20,6,0.0,31.16
215.53,0.08,0.77,129.52,1.0,25.62,40.14,15.11,3.0,2026-06-20 08:48:56.194163,Rawalpindi,8,20,6,0.0,36.16
226.28,0.14,1.63,127.85,0.99,26.08,40.86,19.05,3.0,2026-06-20 11:13:43.480842,Rawalpindi,11,20,6,0.0,36.72
339.59,0.1,10.25,90.49,1.03,29.14,44.76,49.91,3.0,2026-06-20 13:51:56.538304,Rawalpindi,13,20,6,0.0,35.61
429.06,0.0,13.38,66.6,1.15,32.81,51.75,71.09,3.0,2026-06-20 15:43:58.603223,Rawalpindi,15,20,6,0.0,31.16
451.17,0.0,13.51,61.57,1.14,34.38,55.38,75.57,3.0,2026-06-20 17:22:11.590869,Rawalpindi,17,20,6,0.0,32.94
443.57,0.0,12.34,59.4,0.95,35.97,61.55,78.1,3.0,2026-06-20 19:18:46.472176,Rawalpindi,19,20,6,0.0,28.38
387.83,0.0,9.28,61.4,0.83,36.66,68.48,78.73,3.0,2026-06-20 21:12:19.832041,Rawalpindi,21,20,6,0.0,28.38
374.45,0.0,8.84,57.41,0.9,38.15,75.66,100.92,3.0,2026-06-20 23:03:45.804798,Rawalpindi,23,20,6,0.0,30.33
314.71,0.83,5.17,96.97,2.73,41.76,104.69,49.49,4.0,2026-06-21 03:39:23.431186,Rawalpindi,3,21,6,1.0,30.05
179.49,0.07,0.87,119.06,2.04,34.72,74.23,16.9,3.0,2026-06-21 08:25:44.142982,Rawalpindi,8,21,6,-1.0,37.27
206.11,0.18,2.85,114.67,1.95,35.42,69.97,24.27,3.0,2026-06-21 11:43:07.292287,Rawalpindi,11,21,6,0.0,37.81
253.08,0.06,6.92,102.16,1.39,29.91,54.0,34.92,3.0,2026-06-21 13:59:35.945343,Rawalpindi,13,21,6,0.0,32.09
337.92,0.0,9.98,85.3,1.63,36.36,62.69,54.6,3.0,2026-06-21 15:59:02.820181,Rawalpindi,15,21,6,0.0,27.56
384.28,0.0,10.59,74.1,1.6,41.65,72.65,66.66,3.0,2026-06-21 17:44:06.113734,Rawalpindi,17,21,6,0.0,27.38
386.52,0.0,10.51,69.64,1.57,42.82,77.17,79.11,3.0,2026-06-21 19:24:38.592629,Rawalpindi,19,21,6,0.0,28.45
429.4,0.0,12.23,60.89,1.76,48.22,86.68,128.52,3.0,2026-06-21 21:10:31.685556,Rawalpindi,21,21,6,0.0,25.61
485.08,0.0,13.86,51.9,1.92,54.15,95.34,173.27,4.0,2026-06-21 23:08:04.631851,Rawalpindi,23,21,6,1.0,25.61
355.47,0.71,4.93,96.83,2.23,47.18,99.54,38.18,3.0,2026-06-22 03:43:16.805856,Rawalpindi,3,22,6,-1.0,31.34
219.99,0.12,1.24,127.22,1.76,34.47,53.11,16.8,3.0,2026-06-22 09:45:25.894654,Rawalpindi,9,22,6,0.0,33.01
424.28,0.0,13.83,86.09,1.62,40.21,63.8,58.19,3.0,2026-06-22 15:21:42.882801,Rawalpindi,15,22,6,0.0,31.07
426.32,0.0,10.45,66.8,1.06,41.14,70.68,70.49,3.0,2026-06-22 19:22:24.057603,Rawalpindi,19,22,6,0.0,28.35
437.51,0.0,10.09,49.88,0.73,44.69,81.34,72.61,3.0,2026-06-22 21:59:45.487894,Rawalpindi,21,22,6,0.0,26.85
442.3,0.0,10.05,47.79,0.77,46.46,85.99,78.12,3.0,2026-06-22 23:26:06.190303,Rawalpindi,23,22,6,0.0,26.66
508.49,2.02,11.07,57.36,1.26,50.82,99.75,83.0,4.0,2026-06-23 02:48:09.600926,Rawalpindi,2,23,6,1.0,28.94
204.69,0.11,0.85,130.06,1.53,29.27,51.88,16.2,3.0,2026-06-23 06:47:05.298048,Rawalpindi,6,23,6,-1.0,35.61
200.29,0.12,1.15,129.18,1.23,26.62,46.47,16.36,3.0,2026-06-23 10:34:45.482605,Rawalpindi,10,23,6,0.0,36.72
289.24,0.07,7.67,107.24,1.45,36.17,67.82,36.21,3.0,2026-06-23 13:42:28.930893,Rawalpindi,13,23,6,0.0,36.72
358.05,0.0,10.3,87.63,1.59,40.97,79.42,54.17,3.0,2026-06-23 16:25:41.936726,Rawalpindi,16,23,6,0.0,33.38
411.62,0.0,11.51,66.46,1.43,45.08,93.45,77.02,3.0,2026-06-23 19:08:16.582351,Rawalpindi,19,23,6,0.0,30.61
430.57,0.0,11.69,59.36,1.61,48.0,101.11,118.32,4.0,2026-06-23 21:28:58.550011,Rawalpindi,21,23,6,1.0,28.38
474.5,0.0,12.69,52.96,1.86,52.57,108.94,158.29,4.0,2026-06-23 23:05:18.630309,Rawalpindi,23,23,6,0.0,28.38
683.77,3.65,15.1,43.74,1.83,58.45,117.72,125.13,4.0,2026-06-24 02:48:32.396182,Rawalpindi,2,24,6,0.0,33.71
227.83,0.11,1.04,130.71,2.57,40.71,85.04,21.32,3.0,2026-06-24 06:43:55.594110,Rawalpindi,6,24,6,-1.0,37.83
225.74,0.12,1.08,135.68,2.07,39.44,76.73,20.25,3.0,2026-06-24 10:19:20.357782,Rawalpindi,10,24,6,0.0,38.94
270.89,0.23,5.39,121.91,1.96,35.59,69.18,28.7,3.0,2026-06-24 13:17:34.854821,Rawalpindi,13,24,6,0.0,37.83
505.69,0.0,15.87,85.96,2.36,47.16,84.27,66.97,3.0,2026-06-24 16:14:34.437474,Rawalpindi,16,24,6,0.0,35.61
627.47,0.0,18.9,70.61,2.88,57.8,99.38,125.26,4.0,2026-06-24 18:48:47.306415,Rawalpindi,18,24,6,1.0,31.16
673.48,0.0,18.78,62.61,3.06,64.98,109.22,162.98,4.0,2026-06-24 20:45:34.116572,Rawalpindi,20,24,6,0.0,30.61
691.43,0.0,18.25,58.2,3.12,67.86,113.36,175.0,4.0,2026-06-24 22:13:30.649150,Rawalpindi,22,24,6,0.0,30.05
733.88,0.0,17.15,48.27,2.86,70.17,116.09,162.02,4.0,2026-06-25 00:06:07.425808,Rawalpindi,0,25,6,0.0,28.94
584.46,0.6,6.47,122.24,9.28,63.6,93.33,45.93,4.0,2026-06-25 05:01:32.401374,Rawalpindi,5,25,6,0.0,37.27
243.12,0.11,1.12,133.63,3.99,43.79,76.61,16.56,3.0,2026-06-25 08:54:13.892681,Rawalpindi,8,25,6,-1.0,39.56
244.95,0.11,1.94,136.33,3.53,42.53,74.1,18.58,3.0,2026-06-25 11:37:32.556366,Rawalpindi,11,25,6,0.0,40.06
432.47,0.08,14.19,104.41,3.76,50.38,82.77,52.61,4.0,2026-06-25 14:21:56.317265,Rawalpindi,14,25,6,1.0,37.27
662.12,0.0,21.84,100.66,5.53,71.43,99.42,135.9,4.0,2026-06-25 17:09:08.026458,Rawalpindi,17,25,6,0.0,34.12
785.39,0.0,20.61,71.5,3.98,83.75,110.99,122.05,5.0,2026-06-25 19:53:21.844212,Rawalpindi,19,25,6,1.0,29.49
793.06,0.0,18.62,66.89,3.48,83.78,110.3,107.95,5.0,2026-06-25 21:27:53.902427,Rawalpindi,21,25,6,0.0,32.43
744.52,0.0,13.36,65.34,3.17,79.17,103.55,86.16,5.0,2026-06-25 23:13:54.687891,Rawalpindi,23,25,6,0.0,31.7
665.7,0.69,9.37,91.4,5.84,72.78,95.12,60.42,4.0,2026-06-26 02:53:25.472463,Rawalpindi,2,26,6,-1.0,31.72
301.63,0.1,1.39,147.55,6.15,51.33,76.36,20.71,4.0,2026-06-26 06:52:31.421168,Rawalpindi,6,26,6,0.0,37.27
291.04,0.1,1.63,146.13,4.49,47.8,71.25,21.49,4.0,2026-06-26 10:20:41.497550,Rawalpindi,10,26,6,0.0,38.94
349.51,0.23,7.0,129.26,3.36,45.29,68.43,35.52,3.0,2026-06-26 13:07:38.655454,Rawalpindi,13,26,6,-1.0,37.27
607.0,0.0,20.0,83.15,3.74,54.15,80.08,105.64,4.0,2026-06-26 16:12:40.539233,Rawalpindi,16,26,6,1.0,34.49
690.12,0.0,21.08,77.0,4.33,65.16,92.63,147.8,4.0,2026-06-26 18:28:15.981299,Rawalpindi,18,26,6,0.0,32.83
747.89,0.0,18.49,67.78,4.32,78.73,107.9,212.06,5.0,2026-06-26 20:44:08.123523,Rawalpindi,20,26,6,1.0,31.72
759.66,0.0,17.32,65.7,4.37,83.03,112.72,231.42,5.0,2026-06-26 22:08:45.067098,Rawalpindi,22,26,6,0.0,30.61
786.95,0.0,15.7,57.96,4.0,89.71,120.34,239.6,5.0,2026-06-27 00:02:12.601270,Rawalpindi,0,27,6,0.0,30.05
444.68,0.25,2.8,143.34,5.89,59.22,94.17,40.99,4.0,2026-06-27 04:50:06.464313,Rawalpindi,4,27,6,-1.0,35.61
285.71,0.09,0.91,138.94,3.08,49.74,90.72,25.57,3.0,2026-06-27 07:45:57.255443,Rawalpindi,7,27,6,-1.0,38.38
262.97,0.09,0.95,134.16,2.46,47.01,90.13,24.35,3.0,2026-06-27 10:02:01.566131,Rawalpindi,10,27,6,0.0,38.94
262.24,0.1,1.61,131.36,2.4,45.67,89.27,25.53,3.0,2026-06-27 12:08:18.766033,Rawalpindi,12,27,6,0.0,39.49
364.48,0.06,8.87,108.48,2.57,46.42,87.1,46.1,3.0,2026-06-27 14:26:06.288501,Rawalpindi,14,27,6,0.0,37.83
458.07,0.0,11.49,91.12,2.56,51.6,89.62,62.8,4.0,2026-06-27 16:01:38.103354,Rawalpindi,16,27,6,1.0,34.49
493.59,0.0,11.03,84.51,2.42,55.32,93.89,70.47,4.0,2026-06-27 17:58:31.398883,Rawalpindi,17,27,6,0.0,33.38
479.48,0.0,10.19,83.08,2.4,55.33,95.46,78.94,4.0,2026-06-27 19:25:02.134353,Rawalpindi,19,27,6,0.0,33.38
475.5,0.0,9.62,80.04,2.83,57.22,100.92,117.91,4.0,2026-06-27 20:57:45.415966,Rawalpindi,20,27,6,0.0,32.27
486.72,0.0,9.83,76.09,3.02,59.09,103.88,135.83,4.0,2026-06-27 22:03:53.843106,Rawalpindi,22,27,6,0.0,31.72
536.76,0.0,10.75,61.68,2.83,63.26,108.31,150.43,4.0,2026-06-27 23:58:17.704868,Rawalpindi,23,27,6,0.0,31.16
331.42,0.37,3.23,101.79,6.43,50.69,124.21,37.38,4.0,2026-06-28 04:04:15.630002,Rawalpindi,4,28,6,0.0,37.66
209.08,0.11,0.88,124.54,4.43,49.71,121.56,19.65,4.0,2026-06-28 08:18:14.967798,Rawalpindi,8,28,6,0.0,40.05
195.36,0.1,1.03,125.07,3.26,46.82,114.83,19.65,4.0,2026-06-28 11:03:24.493575,Rawalpindi,11,28,6,0.0,40.61
244.5,0.2,5.37,114.27,3.03,44.39,110.06,34.08,4.0,2026-06-28 13:27:12.992473,Rawalpindi,13,28,6,0.0,39.49
340.62,0.0,10.76,90.63,2.83,45.61,109.01,55.85,4.0,2026-06-28 15:14:48.967177,Rawalpindi,15,28,6,0.0,39.19
391.23,0.0,12.05,76.02,2.63,46.26,108.47,67.85,4.0,2026-06-28 17:04:19.382611,Rawalpindi,17,28,6,0.0,37.2
397.22,0.0,11.87,66.66,2.52,45.46,107.35,78.31,4.0,2026-06-28 19:12:09.988843,Rawalpindi,19,28,6,0.0,36.02
412.48,0.0,12.22,57.56,2.7,45.8,106.84,117.51,4.0,2026-06-28 20:56:44.045872,Rawalpindi,20,28,6,0.0,34.87
423.65,0.0,12.46,53.82,2.83,46.13,107.57,138.24,4.0,2026-06-28 22:00:57.400370,Rawalpindi,22,28,6,0.0,31.16
454.4,0.0,12.94,43.86,2.69,47.22,109.5,153.13,4.0,2026-06-29 00:03:59.986617,Rawalpindi,0,29,6,0.0,31.72
323.11,0.42,3.28,112.75,6.37,52.82,138.41,46.85,4.0,2026-06-29 05:27:11.883605,Rawalpindi,5,29,6,0.0,40.18
212.53,0.15,1.73,133.31,4.06,51.9,126.85,27.25,4.0,2026-06-29 10:48:13.238392,Rawalpindi,10,29,6,0.0,41.16
280.24,0.0,7.21,105.99,4.12,49.81,119.35,44.41,4.0,2026-06-29 14:44:47.636164,Rawalpindi,14,29,6,0.0,40.33
335.73,0.0,8.68,85.86,3.78,50.85,122.23,59.42,4.0,2026-06-29 17:32:27.906943,Rawalpindi,17,29,6,0.0,38.3
334.03,0.0,8.41,75.67,3.39,50.56,122.23,69.93,4.0,2026-06-29 19:50:51.753712,Rawalpindi,19,29,6,0.0,33.38
340.78,0.0,8.3,70.27,3.18,50.87,122.27,77.44,4.0,2026-06-29 21:22:06.911063,Rawalpindi,21,29,6,0.0,32.27
357.44,0.0,7.99,60.3,2.84,50.96,121.64,79.95,4.0,2026-06-29 22:52:16.822954,Rawalpindi,22,29,6,0.0,31.72
364.68,0.0,7.59,58.2,2.99,50.86,121.48,76.17,4.0,2026-06-29 23:59:48.321926,Rawalpindi,23,29,6,0.0,31.72
397.09,0.68,5.03,91.12,6.62,49.19,108.17,44.9,4.0,2026-06-30 04:12:31.641347,Rawalpindi,4,30,6,0.0,38.88
280.7,0.16,1.42,143.08,7.17,65.54,135.96,27.17,4.0,2026-06-30 08:27:02.636043,Rawalpindi,8,30,6,0.0,42.72
220.81,0.09,1.51,134.9,4.37,57.95,134.21,24.75,4.0,2026-06-30 11:42:22.348019,Rawalpindi,11,30,6,0.0,43.67
219.4,0.02,4.18,117.36,4.33,50.18,131.59,29.74,4.0,2026-06-30 14:09:24.477500,Rawalpindi,14,30,6,0.0,41.75
285.72,0.0,6.0,99.33,3.82,50.53,133.56,41.75,4.0,2026-06-30 17:03:14.079694,Rawalpindi,17,30,6,0.0,38.51
372.84,0.0,6.3,84.03,3.8,53.07,116.98,46.23,4.0,2026-06-30 19:48:56.027374,Rawalpindi,19,30,6,0.0,33.38
394.62,0.0,5.79,81.42,3.77,52.58,108.69,43.75,4.0,2026-06-30 21:24:59.867712,Rawalpindi,21,30,6,0.0,35.5
422.53,0.0,4.88,77.87,4.14,50.82,92.92,38.63,4.0,2026-06-30 23:07:13.357151,Rawalpindi,23,30,6,0.0,31.72
450.78,0.52,5.97,78.23,5.82,48.21,72.08,26.37,3.0,2026-07-01 02:58:26.509864,Rawalpindi,2,1,7,-1.0,37.12
322.61,0.2,1.81,143.19,6.65,62.75,105.85,15.75,4.0,2026-07-01 07:14:44.712843,Rawalpindi,7,1,7,1.0,40.83
283.1,0.11,1.79,151.21,5.56,69.01,134.3,15.15,4.0,2026-07-01 11:20:46.126690,Rawalpindi,11,1,7,0.0,43.64
421.77,0.02,7.67,142.78,5.64,68.57,91.19,16.06,4.0,2026-07-01 14:25:45.266622,Rawalpindi,14,1,7,0.0,41.07
459.87,0.0,6.34,122.93,4.44,60.43,73.29,14.99,4.0,2026-07-01 17:10:24.746852,Rawalpindi,17,1,7,0.0,37.07
481.22,0.0,5.28,103.62,4.75,52.91,61.16,14.32,4.0,2026-07-01 19:47:31.544495,Rawalpindi,19,1,7,0.0,34.6
494.65,0.0,5.13,96.64,5.08,52.04,59.72,13.86,4.0,2026-07-01 21:23:50.866359,Rawalpindi,21,1,7,0.0,33.27
517.33,0.0,4.86,87.52,5.63,52.02,59.03,11.42,4.0,2026-07-01 23:09:46.496516,Rawalpindi,23,1,7,0.0,31.64
542.15,0.18,5.94,83.09,4.49,46.53,51.94,8.64,3.0,2026-07-02 02:48:55.570194,Rawalpindi,2,2,7,-1.0,32.93
440.42,0.19,1.81,145.86,3.03,58.79,68.24,9.53,4.0,2026-07-02 06:37:34.135235,Rawalpindi,6,2,7,1.0,33.73
342.33,0.13,1.67,145.17,2.77,53.79,69.65,8.98,4.0,2026-07-02 09:58:26.869604,Rawalpindi,9,2,7,0.0,35.05
353.59,0.16,2.96,149.85,3.12,57.74,76.22,11.26,4.0,2026-07-02 12:10:33.248531,Rawalpindi,12,2,7,0.0,34.49
545.13,0.0,9.57,144.5,4.37,84.76,97.99,23.41,5.0,2026-07-02 15:11:53.323523,Rawalpindi,15,2,7,1.0,32.27
661.11,0.0,7.91,133.85,4.99,102.9,114.04,30.2,5.0,2026-07-02 17:42:01.125382,Rawalpindi,17,2,7,0.0,30.61
683.19,0.0,8.53,122.57,4.72,102.46,112.76,32.47,5.0,2026-07-02 19:18:01.774384,Rawalpindi,19,2,7,0.0,30.05
741.04,0.0,10.14,93.13,4.03,99.0,107.78,25.14,5.0,2026-07-02 20:59:55.618457,Rawalpindi,20,2,7,0.0,29.49
749.49,0.0,10.15,81.24,4.18,93.74,101.82,17.84,5.0,2026-07-02 22:13:50.178483,Rawalpindi,22,2,7,0.0,28.94
745.74,0.0,9.29,70.11,5.57,83.57,90.65,12.53,5.0,2026-07-03 00:02:12.237286,Rawalpindi,0,3,7,0.0,28.94
606.0,0.38,5.44,111.66,3.49,63.48,69.84,12.49,4.0,2026-07-03 04:39:09.734233,Rawalpindi,4,3,7,-1.0,32.27
437.72,0.15,1.6,153.51,2.08,49.94,55.43,8.78,4.0,2026-07-03 07:59:15.366813,Rawalpindi,7,3,7,0.0,35.05
384.67,0.13,1.57,153.02,1.43,42.57,47.85,8.42,4.0,2026-07-03 10:41:12.920325,Rawalpindi,10,3,7,0.0,37.27
457.71,0.29,8.08,134.39,1.51,43.21,49.19,17.61,3.0,2026-07-03 12:54:19.600909,Rawalpindi,12,3,7,-1.0,36.16
678.2,0.0,21.92,84.8,2.21,45.17,53.82,41.8,3.0,2026-07-03 15:07:06.460361,Rawalpindi,15,3,7,0.0,31.72
805.17,0.0,24.88,61.06,2.13,51.67,62.63,53.13,4.0,2026-07-03 17:20:32.076634,Rawalpindi,17,3,7,1.0,30.61
836.32,0.0,23.36,51.59,1.79,56.22,68.76,57.38,4.0,2026-07-03 19:13:12.371298,Rawalpindi,19,3,7,0.0,29.49
839.1,0.0,21.94,49.9,1.97,63.46,77.02,81.68,4.0,2026-07-03 20:59:27.530660,Rawalpindi,20,3,7,0.0,28.94
861.9,0.0,22.49,47.74,2.1,67.13,81.05,95.95,4.0,2026-07-03 22:09:16.906499,Rawalpindi,22,3,7,0.0,31.93
935.21,0.0,25.04,42.57,2.46,75.25,89.97,129.81,5.0,2026-07-04 00:01:08.538507,Rawalpindi,0,4,7,1.0,28.38
607.62,0.57,5.36,144.75,2.54,62.17,79.46,33.22,4.0,2026-07-04 04:31:11.084285,Rawalpindi,4,4,7,-1.0,34.49
379.59,0.11,1.08,153.03,1.37,52.78,67.12,13.46,4.0,2026-07-04 07:41:27.811422,Rawalpindi,7,4,7,0.0,36.72
355.74,0.1,1.05,146.89,1.09,50.78,65.38,12.56,4.0,2026-07-04 10:04:51.917276,Rawalpindi,10,4,7,0.0,39.49
344.22,0.09,1.48,140.44,0.96,49.62,66.08,12.88,4.0,2026-07-04 12:03:54.033252,Rawalpindi,12,4,7,0.0,38.94
499.77,0.08,13.31,114.41,1.96,51.59,67.3,37.44,4.0,2026-07-04 14:25:35.908815,Rawalpindi,14,4,7,0.0,36.16
648.1,0.0,19.48,94.34,2.79,59.4,77.11,70.04,4.0,2026-07-04 15:57:54.939815,Rawalpindi,15,4,7,0.0,35.61
694.2,0.0,19.52,87.49,2.98,63.74,82.63,75.03,4.0,2026-07-04 17:08:10.979626,Rawalpindi,17,4,7,0.0,34.49
717.86,0.0,15.86,83.25,2.8,72.67,94.04,60.07,4.0,2026-07-04 19:04:01.469762,Rawalpindi,19,4,7,0.0,32.27
728.67,0.0,12.06,84.16,2.83,83.37,106.02,52.85,5.0,2026-07-04 20:51:25.722433,Rawalpindi,20,4,7,1.0,31.16
745.15,0.0,11.21,81.61,2.83,87.8,110.58,53.64,5.0,2026-07-04 21:54:49.208537,Rawalpindi,21,4,7,0.0,30.61
771.43,0.0,11.15,78.04,2.85,91.81,114.7,58.6,5.0,2026-07-04 22:54:27.599118,Rawalpindi,22,4,7,0.0,30.61
803.74,0.0,11.59,74.39,2.97,95.47,118.5,67.04,5.0,2026-07-04 23:58:26.038834,Rawalpindi,23,4,7,0.0,30.05
620.64,0.31,4.06,135.82,3.61,83.99,112.75,25.08,5.0,2026-07-05 03:41:20.272313,Rawalpindi,3,5,7,0.0,36.75
440.23,0.11,1.13,153.18,2.19,71.56,97.33,15.57,4.0,2026-07-05 07:21:08.123349,Rawalpindi,7,5,7,-1.0,37.83
340.47,0.09,1.0,139.68,1.28,54.7,77.47,11.99,4.0,2026-07-05 10:07:08.690959,Rawalpindi,10,5,7,0.0,40.05
325.65,0.08,1.36,136.11,1.18,51.67,75.36,11.95,4.0,2026-07-05 12:12:43.956572,Rawalpindi,12,5,7,0.0,41.77
524.54,0.05,12.15,115.8,1.96,63.62,83.81,30.75,4.0,2026-07-05 14:28:40.585751,Rawalpindi,14,5,7,0.0,40.44
670.39,0.0,17.05,94.91,2.41,70.5,90.21,46.66,4.0,2026-07-05 16:03:23.503321,Rawalpindi,16,5,7,0.0,38.17
731.81,0.0,16.27,87.77,2.56,71.6,90.96,47.35,4.0,2026-07-05 17:58:55.312722,Rawalpindi,17,5,7,0.0,33.94
720.16,0.0,14.27,87.28,2.56,68.99,88.65,44.53,4.0,2026-07-05 19:24:24.112366,Rawalpindi,19,5,7,0.0,33.38
740.96,0.0,13.06,76.67,2.45,66.63,87.21,46.33,4.0,2026-07-05 20:53:48.250429,Rawalpindi,20,5,7,0.0,32.27
753.1,0.0,12.97,68.25,2.26,65.95,86.28,48.79,4.0,2026-07-05 21:57:42.588782,Rawalpindi,21,5,7,0.0,31.72
773.08,0.0,13.43,60.25,2.17,65.92,85.79,53.06,4.0,2026-07-05 23:01:58.806593,Rawalpindi,23,5,7,0.0,31.72
927.79,2.65,16.72,50.16,2.51,66.81,86.81,54.25,4.0,2026-07-06 02:43:53.439452,Rawalpindi,2,6,7,0.0,35.69
448.47,0.14,1.47,157.22,2.98,54.4,81.77,15.14,4.0,2026-07-06 07:08:18.724429,Rawalpindi,7,6,7,0.0,39.91
327.81,0.1,1.78,147.04,1.96,44.58,70.67,11.24,4.0,2026-07-06 12:00:06.791704,Rawalpindi,12,6,7,0.0,43.01
665.72,0.0,10.57,129.7,4.42,61.78,71.77,28.74,4.0,2026-07-06 15:50:25.234908,Rawalpindi,15,6,7,0.0,38.31
688.35,0.0,8.81,121.4,3.69,65.89,74.92,25.29,4.0,2026-07-06 18:08:17.751175,Rawalpindi,18,6,7,0.0,35.86
659.04,0.0,5.86,120.93,3.56,68.0,77.25,21.26,4.0,2026-07-06 20:50:16.857698,Rawalpindi,20,6,7,0.0,32.45
646.65,0.0,5.05,120.98,3.69,68.51,77.76,20.13,4.0,2026-07-06 22:10:22.273622,Rawalpindi,22,6,7,0.0,28.38
661.7,0.0,4.59,110.75,3.52,70.0,79.3,22.37,4.0,2026-07-07 00:03:33.613414,Rawalpindi,0,7,7,0.0,28.38
791.37,0.59,5.27,127.54,3.78,81.2,89.84,17.04,5.0,2026-07-07 04:46:33.360504,Rawalpindi,4,7,7,1.0,33.94
598.71,0.14,1.56,174.16,4.5,77.54,89.63,9.44,5.0,2026-07-07 08:18:45.274210,Rawalpindi,8,7,7,0.0,36.16
491.21,0.1,2.1,161.51,2.97,62.87,79.48,9.72,4.0,2026-07-07 11:43:32.147145,Rawalpindi,11,7,7,-1.0,38.38
584.24,0.09,15.96,107.29,2.86,54.96,75.65,30.59,4.0,2026-07-07 14:21:27.523328,Rawalpindi,14,7,7,0.0,35.61
857.26,0.0,23.29,69.17,2.88,67.73,87.26,51.14,4.0,2026-07-07 17:09:33.453845,Rawalpindi,17,7,7,0.0,33.38
1008.34,0.0,20.78,67.02,3.28,84.25,102.21,64.88,5.0,2026-07-07 19:48:43.526410,Rawalpindi,19,7,7,1.0,32.27
1053.82,0.0,19.96,68.49,3.68,92.92,110.42,76.86,5.0,2026-07-07 21:19:40.013255,Rawalpindi,21,7,7,0.0,31.72
1133.96,0.0,18.78,66.44,4.32,105.55,121.99,98.91,5.0,2026-07-07 22:56:40.334768,Rawalpindi,22,7,7,0.0,30.61
1163.64,0.0,18.28,63.23,4.41,110.23,126.35,104.7,5.0,2026-07-07 23:56:26.535705,Rawalpindi,23,7,7,0.0,30.61
1217.19,0.55,18.14,53.49,3.27,108.4,123.81,70.54,5.0,2026-07-08 02:28:43.110878,Rawalpindi,2,8,7,0.0,31.72
508.01,0.1,1.52,162.52,5.51,67.3,95.77,13.0,4.0,2026-07-08 05:46:58.698149,Rawalpindi,5,8,7,-1.0,37.66
483.9,0.1,1.37,163.7,4.61,67.16,94.98,12.32,4.0,2026-07-08 08:20:00.241070,Rawalpindi,8,8,7,0.0,39.96
477.74,0.15,2.39,161.75,3.42,67.58,94.02,13.59,4.0,2026-07-08 11:00:32.254671,Rawalpindi,11,8,7,0.0,41.0
525.2,0.19,7.22,141.12,2.74,66.68,93.39,19.81,4.0,2026-07-08 12:47:48.918328,Rawalpindi,12,8,7,0.0,39.96
858.81,0.0,22.72,80.6,3.99,72.67,88.14,62.88,4.0,2026-07-08 17:25:14.302169,Rawalpindi,17,8,7,0.0,34.74
884.76,0.0,17.54,79.15,3.85,80.42,96.47,53.51,5.0,2026-07-08 19:18:12.766438,Rawalpindi,19,8,7,1.0,28.94
899.66,0.0,13.03,78.55,3.95,86.34,102.79,48.59,5.0,2026-07-08 21:02:29.537679,Rawalpindi,21,8,7,0.0,28.94
918.43,0.0,10.1,76.73,4.05,90.79,107.13,45.41,5.0,2026-07-08 23:01:04.737246,Rawalpindi,23,8,7,0.0,27.83
998.88,0.81,10.5,73.79,4.07,93.2,107.07,39.32,5.0,2026-07-09 02:31:18.177215,Rawalpindi,2,9,7,0.0,30.61
631.21,0.14,1.77,172.02,3.77,88.66,111.57,17.67,5.0,2026-07-09 06:41:18.861731,Rawalpindi,6,9,7,0.0,35.61
478.31,0.1,1.42,161.96,1.93,67.6,91.83,13.84,4.0,2026-07-09 10:21:13.869372,Rawalpindi,10,9,7,-1.0,38.38
659.05,0.04,12.05,133.89,2.13,84.31,113.2,27.77,5.0,2026-07-09 13:45:51.789783,Rawalpindi,13,9,7,1.0,36.16
802.1,0.0,16.07,113.14,2.31,89.6,114.53,37.75,5.0,2026-07-09 16:24:41.983160,Rawalpindi,16,9,7,0.0,34.49
941.38,0.0,17.52,92.65,2.51,92.42,112.2,51.75,5.0,2026-07-09 18:48:20.138699,Rawalpindi,18,9,7,0.0,32.83
953.33,0.0,13.43,88.08,2.53,93.02,110.46,47.04,5.0,2026-07-09 20:44:02.518045,Rawalpindi,20,9,7,0.0,31.16
956.59,0.0,11.46,88.2,2.85,94.22,110.45,44.59,5.0,2026-07-09 22:18:09.487924,Rawalpindi,22,9,7,0.0,30.61
994.2,0.0,9.55,84.64,3.91,101.51,115.74,43.89,5.0,2026-07-10 00:00:41.588819,Rawalpindi,0,10,7,0.0,28.38
721.21,0.33,3.85,140.55,7.95,96.56,122.45,20.42,5.0,2026-07-10 04:46:06.305187,Rawalpindi,4,10,7,0.0,35.77
490.56,0.14,1.63,159.74,5.13,88.14,124.12,14.43,5.0,2026-07-10 08:17:47.661174,Rawalpindi,8,10,7,0.0,37.83
371.79,0.08,1.97,150.88,3.05,74.07,121.06,12.77,4.0,2026-07-10 11:47:02.606935,Rawalpindi,11,10,7,-1.0,41.28
358.17,0.02,4.34,140.66,2.81,66.11,104.52,14.27,4.0,2026-07-10 14:11:42.055653,Rawalpindi,14,10,7,0.0,38.69
404.47,0.0,5.99,124.8,4.52,67.45,109.44,19.57,4.0,2026-07-10 16:52:06.862720,Rawalpindi,16,10,7,0.0,36.24
427.11,0.0,6.15,117.76,5.54,67.67,109.88,20.9,4.0,2026-07-10 18:20:35.150501,Rawalpindi,18,10,7,0.0,35.1
510.6,0.0,6.27,103.25,6.68,70.8,109.58,24.56,4.0,2026-07-10 20:19:05.539477,Rawalpindi,20,10,7,0.0,30.61
614.26,0.0,5.62,96.35,7.04,75.97,105.31,26.28,5.0,2026-07-10 21:57:28.140281,Rawalpindi,21,10,7,1.0,31.34
652.52,0.0,5.15,95.74,7.1,78.16,103.69,26.03,5.0,2026-07-10 22:59:13.768307,Rawalpindi,22,10,7,0.0,31.07
687.86,0.0,4.77,95.7,6.84,80.51,102.17,25.32,5.0,2026-07-11 00:03:48.064035,Rawalpindi,0,11,7,0.0,30.85
651.0,0.33,4.29,113.83,5.56,76.35,92.07,15.59,5.0,2026-07-11 04:09:24.035667,Rawalpindi,4,11,7,0.0,34.34
383.44,0.15,1.41,136.47,4.64,64.93,110.82,10.02,4.0,2026-07-11 07:09:00.296476,Rawalpindi,7,11,7,-1.0,37.61
298.94,0.11,1.07,132.72,3.26,60.09,112.42,8.64,4.0,2026-07-11 09:23:30.271613,Rawalpindi,9,11,7,0.0,39.05
379.84,0.41,5.8,124.53,3.1,67.66,121.09,19.23,4.0,2026-07-11 11:00:25.969187,Rawalpindi,11,11,7,0.0,40.34
433.43,0.39,9.75,117.49,3.22,70.88,126.13,25.0,4.0,2026-07-11 11:58:59.320576,Rawalpindi,11,11,7,0.0,39.12
509.52,0.04,14.67,104.79,3.5,76.08,134.11,31.25,5.0,2026-07-11 13:36:36.481044,Rawalpindi,13,11,7,1.0,38.8
485.1,0.0,11.64,108.65,3.66,77.53,135.73,28.72,5.0,2026-07-11 14:48:27.991433,Rawalpindi,14,11,7,0.0,37.84
402.6,0.0,5.93,127.26,4.43,77.13,138.8,21.79,5.0,2026-07-11 15:51:20.172447,Rawalpindi,15,11,7,0.0,35.41
401.05,0.0,4.82,130.99,5.22,78.37,140.14,21.27,5.0,2026-07-11 16:52:09.243640,Rawalpindi,16,11,7,0.0,33.71
422.25,0.0,4.68,129.93,5.99,80.08,139.58,21.73,5.0,2026-07-11 17:51:59.902756,Rawalpindi,17,11,7,0.0,34.38
446.78,0.0,4.71,124.39,6.5,80.59,135.64,21.65,5.0,2026-07-11 18:55:22.817567,Rawalpindi,18,11,7,0.0,32.82
476.68,0.0,4.53,120.01,6.51,81.25,126.7,21.2,5.0,2026-07-11 20:04:02.992869,Rawalpindi,20,11,7,0.0,32.35
525.39,0.0,3.76,115.31,5.73,78.28,101.07,15.49,5.0,2026-07-11 21:44:22.577010,Rawalpindi,21,11,7,0.0,31.66
539.05,0.0,3.47,114.0,5.57,72.37,86.24,10.91,4.0,2026-07-11 22:42:11.433550,Rawalpindi,22,11,7,-1.0,31.18
542.02,0.0,3.21,112.1,5.09,65.22,73.54,7.41,4.0,2026-07-11 23:51:04.180139,Rawalpindi,23,11,7,0.0,30.44
507.19,0.01,3.1,111.36,2.71,51.34,56.85,6.66,4.0,2026-07-12 02:14:16.962534,Rawalpindi,2,12,7,0.0,25.5
451.2,0.21,1.75,130.24,1.6,41.36,49.55,8.76,3.0,2026-07-12 05:52:42.847931,Rawalpindi,5,12,7,-1.0,30.35
380.3,0.13,1.06,133.19,1.38,41.94,56.0,6.78,3.0,2026-07-12 08:09:32.520208,Rawalpindi,8,12,7,0.0,32.61
357.12,0.11,1.15,133.97,1.43,43.34,57.89,6.92,3.0,2026-07-12 10:22:58.895060,Rawalpindi,10,12,7,0.0,34.26
363.44,0.12,2.07,135.17,1.68,46.55,61.73,8.97,3.0,2026-07-12 11:55:54.046147,Rawalpindi,11,12,7,0.0,33.22
280.66,0.12,3.36,124.08,0.8,34.02,44.02,10.17,3.0,2026-07-12 13:09:29.627231,Rawalpindi,13,12,7,0.0,37.53
373.5,0.0,8.38,106.43,1.22,39.96,52.04,20.75,3.0,2026-07-12 14:52:22.020327,Rawalpindi,14,12,7,0.0,33.82
426.42,0.0,10.74,92.52,1.33,42.81,55.58,29.22,3.0,2026-07-12 15:55:25.890090,Rawalpindi,15,12,7,0.0,29.49
496.63,0.0,14.05,75.86,1.38,46.07,59.45,38.55,3.0,2026-07-12 16:54:43.527237,Rawalpindi,16,12,7,0.0,32.04
562.14,0.0,16.96,61.91,1.34,48.58,62.54,44.45,3.0,2026-07-12 17:56:44.432981,Rawalpindi,17,12,7,0.0,32.19
602.76,0.0,18.6,51.17,1.23,49.74,64.15,48.78,3.0,2026-07-12 19:02:39.866712,Rawalpindi,19,12,7,0.0,32.16
659.34,0.0,19.74,39.22,1.34,53.01,69.17,66.62,4.0,2026-07-12 20:39:31.967378,Rawalpindi,20,12,7,1.0,24.85
679.5,0.0,20.21,36.65,1.53,56.14,73.29,80.45,4.0,2026-07-12 21:43:50.887630,Rawalpindi,21,12,7,0.0,24.23
698.8,0.0,20.5,34.82,1.67,58.91,77.26,91.74,4.0,2026-07-12 22:42:25.954279,Rawalpindi,22,12,7,0.0,25.15
717.45,0.0,20.7,33.02,1.76,61.73,81.39,99.7,4.0,2026-07-12 23:49:05.409328,Rawalpindi,23,12,7,0.0,25.11
783.67,1.41,20.34,29.32,1.71,63.58,86.29,88.1,4.0,2026-07-13 02:21:50.255463,Rawalpindi,2,13,7,0.0,26.98
387.11,0.17,1.63,142.63,2.91,43.79,60.12,11.93,4.0,2026-07-13 06:11:33.285177,Rawalpindi,6,13,7,0.0,33.94
327.72,0.09,1.33,135.0,1.4,41.32,55.01,9.72,3.0,2026-07-13 10:20:42.037350,Rawalpindi,10,13,7,-1.0,34.92
410.78,0.27,8.25,121.68,1.58,42.93,56.01,20.97,3.0,2026-07-13 13:18:12.885770,Rawalpindi,13,13,7,0.0,36.16
702.88,0.0,23.68,85.19,2.94,54.09,68.59,69.02,4.0,2026-07-13 16:27:55.713454,Rawalpindi,16,13,7,1.0,30.26
817.35,0.0,23.52,58.6,2.5,65.71,82.18,74.29,4.0,2026-07-13 18:40:53.312178,Rawalpindi,18,13,7,0.0,28.03
833.21,0.0,23.22,53.69,2.54,69.36,86.52,84.9,4.0,2026-07-13 20:10:22.673568,Rawalpindi,20,13,7,0.0,28.49
866.66,0.0,22.43,47.4,2.81,76.9,95.36,108.15,5.0,2026-07-13 21:52:13.760082,Rawalpindi,21,13,7,1.0,31.48
876.52,0.0,21.75,44.42,2.89,80.29,99.55,116.37,5.0,2026-07-13 22:52:23.594915,Rawalpindi,22,13,7,0.0,31.55
893.74,0.0,21.5,39.76,2.78,83.46,103.47,117.66,5.0,2026-07-13 23:50:43.846234,Rawalpindi,23,13,7,0.0,31.11
986.29,1.6,21.49,28.03,1.86,83.78,104.74,75.06,5.0,2026-07-14 02:01:39.375002,Rawalpindi,2,14,7,0.0,31.33
373.56,0.17,1.86,132.59,1.89,52.06,76.25,13.5,4.0,2026-07-14 05:25:03.919225,Rawalpindi,5,14,7,-1.0,35.7
318.22,0.1,1.2,134.55,1.21,47.54,68.71,11.38,3.0,2026-07-14 07:54:50.634485,Rawalpindi,7,14,7,-1.0,38.95
312.25,0.12,1.56,134.1,1.1,46.62,65.2,11.24,3.0,2026-07-14 09:53:27.853823,Rawalpindi,9,14,7,0.0,40.34
332.06,0.17,2.29,135.72,1.25,49.69,67.11,12.69,3.0,2026-07-14 11:23:06.406618,Rawalpindi,11,14,7,0.0,40.47
458.46,0.17,7.17,136.06,2.16,69.04,88.71,18.22,4.0,2026-07-14 13:23:21.667393,Rawalpindi,13,14,7,1.0,38.7
675.63,0.0,18.41,91.85,2.35,80.93,100.9,36.74,5.0,2026-07-14 15:20:35.297137,Rawalpindi,15,14,7,1.0,33.21
782.13,0.0,20.46,70.74,2.17,88.76,110.66,45.93,5.0,2026-07-14 17:10:01.816493,Rawalpindi,17,14,7,0.0,26.31
739.19,0.0,17.07,64.15,1.65,89.16,117.57,46.4,5.0,2026-07-14 19:12:15.590788,Rawalpindi,19,14,7,0.0,28.0
732.77,0.0,16.18,51.05,1.53,91.0,125.34,60.81,5.0,2026-07-14 20:55:58.290572,Rawalpindi,20,14,7,0.0,28.02
740.96,0.0,16.46,47.54,1.73,94.2,131.06,74.05,5.0,2026-07-14 21:54:44.361723,Rawalpindi,21,14,7,0.0,28.61
749.55,0.0,16.72,45.86,1.94,96.79,137.19,86.85,5.0,2026-07-14 22:54:02.922195,Rawalpindi,22,14,7,0.0,28.65
762.84,0.0,17.25,44.35,2.12,99.06,143.5,98.56,5.0,2026-07-14 23:49:54.012459,Rawalpindi,23,14,7,0.0,26.12
816.34,0.7,19.66,40.3,2.44,101.6,153.52,108.29,5.0,2026-07-15 01:58:32.171883,Rawalpindi,1,15,7,0.0,27.1
404.56,0.44,4.97,114.82,2.54,78.69,157.64,25.25,5.0,2026-07-15 04:54:44.209582,Rawalpindi,4,15,7,0.0,31.13
371.98,0.17,4.26,115.48,2.19,76.69,143.34,17.8,5.0,2026-07-15 07:12:24.536778,Rawalpindi,7,15,7,0.0,34.87
269.48,0.14,2.08,119.75,1.6,61.51,109.21,10.49,4.0,2026-07-15 09:57:59.427379,Rawalpindi,9,15,7,-1.0,38.38
246.14,0.13,1.89,121.04,1.46,56.7,103.79,8.87,4.0,2026-07-15 11:36:46.074080,Rawalpindi,11,15,7,0.0,36.86
325.37,0.2,6.98,115.95,1.62,56.81,100.53,16.61,4.0,2026-07-15 13:26:34.778351,Rawalpindi,13,15,7,0.0,36.05
502.66,0.0,17.89,80.33,2.15,61.66,105.9,37.6,4.0,2026-07-15 15:23:52.592848,Rawalpindi,15,15,7,0.0,29.32
577.99,0.0,20.08,63.14,2.38,63.5,107.93,51.62,4.0,2026-07-15 17:13:03.670226,Rawalpindi,17,15,7,0.0,27.71
566.8,0.0,18.21,52.88,1.89,62.06,107.07,48.93,4.0,2026-07-15 19:04:19.894994,Rawalpindi,19,15,7,0.0,30.61
555.3,0.0,16.67,44.48,1.59,61.45,108.08,55.36,4.0,2026-07-15 20:55:56.020287,Rawalpindi,20,15,7,0.0,29.49
560.17,0.0,16.73,42.16,1.76,61.73,110.06,68.19,4.0,2026-07-15 21:55:51.336196,Rawalpindi,21,15,7,0.0,28.38
571.02,0.0,17.44,40.84,2.04,62.4,112.62,86.12,4.0,2026-07-15 22:56:06.595188,Rawalpindi,22,15,7,0.0,28.38
594.27,0.0,18.63,38.43,2.25,64.02,115.87,102.09,4.0,2026-07-15 23:57:05.481647,Rawalpindi,23,15,7,0.0,28.38
750.8,4.88,20.45,34.89,2.66,68.84,127.46,110.87,4.0,2026-07-16 02:30:07.309896,Rawalpindi,2,16,7,0.0,31.16
209.52,0.14,1.14,121.52,2.65,48.75,111.7,11.15,4.0,2026-07-16 05:36:12.850286,Rawalpindi,5,16,7,0.0,34.49
196.7,0.11,0.88,121.4,2.44,49.57,113.86,9.93,4.0,2026-07-16 08:04:35.845392,Rawalpindi,8,16,7,0.0,36.16
181.77,0.1,0.99,115.14,2.44,46.05,112.05,8.69,4.0,2026-07-16 10:54:35.506303,Rawalpindi,10,16,7,0.0,40.61
178.78,0.1,1.25,113.19,2.58,44.9,111.93,8.56,4.0,2026-07-16 12:17:44.269203,Rawalpindi,12,16,7,0.0,39.97
420.05,0.0,15.72,79.07,2.93,54.4,120.12,30.52,4.0,2026-07-16 14:56:54.290470,Rawalpindi,14,16,7,0.0,37.78
456.96,0.0,16.57,72.77,2.99,55.7,119.96,34.57,4.0,2026-07-16 16:16:42.532100,Rawalpindi,16,16,7,0.0,37.21
441.99,0.0,13.55,73.46,3.33,56.95,122.75,34.45,4.0,2026-07-16 18:02:29.211071,Rawalpindi,18,16,7,0.0,36.01
343.2,0.0,8.44,78.02,3.78,55.17,124.73,33.17,4.0,2026-07-16 19:59:36.264552,Rawalpindi,19,16,7,0.0,34.34
336.38,0.0,8.24,73.36,3.72,55.09,125.88,36.09,4.0,2026-07-16 21:08:44.304562,Rawalpindi,21,16,7,0.0,33.83
358.35,0.0,9.78,57.75,2.97,55.57,125.88,44.7,4.0,2026-07-16 22:53:49.085145,Rawalpindi,22,16,7,0.0,33.57
378.32,0.0,10.9,49.96,2.64,56.11,126.39,48.43,4.0,2026-07-16 23:55:00.540721,Rawalpindi,23,16,7,0.0,33.6
449.17,0.62,13.96,37.05,2.61,56.84,129.03,48.25,4.0,2026-07-17 02:11:41.326480,Rawalpindi,2,17,7,0.0,34.66
180.7,0.18,1.34,111.27,6.25,50.12,137.71,10.87,4.0,2026-07-17 05:37:46.518928,Rawalpindi,5,17,7,0.0,36.16
174.16,0.14,1.03,117.35,5.59,52.54,136.3,10.2,4.0,2026-07-17 08:01:53.544507,Rawalpindi,8,17,7,0.0,40.5
172.95,0.12,1.21,118.32,4.51,50.85,127.64,9.9,4.0,2026-07-17 10:42:24.232421,Rawalpindi,10,17,7,0.0,41.54
175.54,0.12,1.58,117.65,4.27,49.65,125.24,10.05,4.0,2026-07-17 12:05:34.332429,Rawalpindi,12,17,7,0.0,41.43
223.04,0.03,5.54,106.09,4.01,48.32,120.07,15.78,4.0,2026-07-17 14:29:35.555599,Rawalpindi,14,17,7,0.0,38.46
255.93,0.0,6.65,95.61,3.88,48.06,120.29,20.32,4.0,2026-07-17 16:11:34.477288,Rawalpindi,16,17,7,0.0,37.22
266.77,0.0,6.24,91.32,3.99,48.89,126.25,22.24,4.0,2026-07-17 18:01:13.234485,Rawalpindi,18,17,7,0.0,36.25
300.81,0.0,8.4,74.05,3.2,50.33,124.74,33.31,4.0,2026-07-17 20:02:30.568807,Rawalpindi,20,17,7,0.0,31.72
338.24,0.0,9.94,58.33,2.53,52.04,126.64,43.99,4.0,2026-07-17 21:47:42.927907,Rawalpindi,21,17,7,0.0,31.72
357.21,0.0,10.48,52.41,2.35,52.85,127.75,46.3,4.0,2026-07-17 22:44:03.764960,Rawalpindi,22,17,7,0.0,34.36
378.21,0.0,11.02,47.05,2.25,53.53,128.0,45.95,4.0,2026-07-17 23:48:01.575164,Rawalpindi,23,17,7,0.0,30.61
447.45,0.64,12.54,36.41,2.22,54.39,126.84,45.08,4.0,2026-07-18 02:00:47.095409,Rawalpindi,2,18,7,0.0,31.16
230.18,0.3,2.33,98.93,8.39,51.83,155.25,15.76,4.0,2026-07-18 05:20:15.446650,Rawalpindi,5,18,7,0.0,35.61
187.71,0.09,1.2,111.51,5.6,55.59,146.51,11.17,4.0,2026-07-18 07:41:50.911816,Rawalpindi,7,18,7,0.0,39.53
183.7,0.06,1.27,109.9,4.93,54.47,140.71,10.77,4.0,2026-07-18 09:19:23.634628,Rawalpindi,9,18,7,0.0,38.38
186.2,0.1,1.79,107.98,4.09,52.62,132.52,11.54,4.0,2026-07-18 10:58:30.146266,Rawalpindi,10,18,7,0.0,39.43
190.32,0.12,2.34,106.95,3.76,51.31,128.85,12.27,4.0,2026-07-18 11:54:46.292274,Rawalpindi,11,18,7,0.0,37.38
205.69,0.1,3.78,103.54,3.53,50.44,126.22,14.65,4.0,2026-07-18 13:04:00.185987,Rawalpindi,13,18,7,0.0,36.82
221.23,0.0,4.92,99.23,3.53,49.01,123.75,18.12,4.0,2026-07-18 14:47:32.245705,Rawalpindi,14,18,7,0.0,35.11
229.26,0.0,5.21,93.9,3.44,47.59,121.97,19.99,4.0,2026-07-18 15:51:50.987189,Rawalpindi,15,18,7,0.0,34.86
236.65,0.0,5.33,89.79,3.37,46.58,122.09,21.49,4.0,2026-07-18 16:52:26.240657,Rawalpindi,16,18,7,0.0,34.5
242.26,0.0,5.42,86.44,3.32,45.84,123.32,22.72,4.0,2026-07-18 17:53:14.701796,Rawalpindi,17,18,7,0.0,34.44
256.29,0.0,6.43,78.18,3.05,45.24,120.92,26.96,4.0,2026-07-18 18:56:37.745224,Rawalpindi,18,18,7,0.0,32.83
282.05,0.0,8.06,67.71,2.63,45.55,118.32,33.92,4.0,2026-07-18 20:02:56.874695,Rawalpindi,20,18,7,0.0,32.27
331.17,0.0,10.17,50.89,2.04,46.49,116.54,44.1,4.0,2026-07-18 21:45:13.321051,Rawalpindi,21,18,7,0.0,34.76
351.75,0.0,10.58,45.84,1.91,47.07,116.51,44.97,4.0,2026-07-18 22:43:41.339629,Rawalpindi,22,18,7,0.0,34.6
371.56,0.0,10.65,42.84,1.88,47.73,116.97,44.33,4.0,2026-07-18 23:49:22.884838,Rawalpindi,23,18,7,0.0,34.44
440.41,0.42,11.43,36.14,1.87,49.98,113.32,41.05,4.0,2026-07-19 02:12:24.448391,Rawalpindi,2,19,7,0.0,34.27
233.45,0.21,1.63,101.89,4.45,47.48,129.46,12.02,4.0,2026-07-19 05:46:57.707817,Rawalpindi,5,19,7,0.0,38.21
195.77,0.14,1.1,110.66,3.67,50.81,134.66,10.78,4.0,2026-07-19 08:08:45.655109,Rawalpindi,8,19,7,0.0,38.54
171.52,0.11,1.0,109.78,2.96,48.79,131.42,10.11,4.0,2026-07-19 10:23:18.062363,Rawalpindi,10,19,7,0.0,40.34
155.64,0.08,1.28,103.74,2.47,44.6,124.15,9.73,4.0,2026-07-19 11:53:18.847739,Rawalpindi,11,19,7,0.0,39.92
167.69,0.07,2.54,99.21,2.37,43.22,119.53,11.63,4.0,2026-07-19 13:06:34.932186,Rawalpindi,13,19,7,0.0,39.79
252.39,0.0,7.49,74.83,2.15,27.28,66.61,20.49,3.0,2026-07-19 14:51:08.934508,Rawalpindi,14,19,7,-1.0,33.94
282.38,0.0,8.69,69.4,2.03,27.06,64.67,26.49,3.0,2026-07-19 15:53:35.761627,Rawalpindi,15,19,7,0.0,33.94
321.89,0.0,10.52,64.53,2.14,27.83,66.45,37.74,3.0,2026-07-19 16:53:21.587509,Rawalpindi,16,19,7,0.0,33.38
355.95,0.0,12.44,60.56,2.33,28.93,69.84,49.8,3.0,2026-07-19 17:54:56.196656,Rawalpindi,17,19,7,0.0,36.16
374.74,0.0,13.85,56.04,2.38,29.68,72.17,61.33,3.0,2026-07-19 18:59:32.593822,Rawalpindi,18,19,7,0.0,35.16
391.76,0.0,14.51,50.29,2.31,30.52,73.63,69.83,3.0,2026-07-19 20:09:21.725224,Rawalpindi,20,19,7,0.0,34.63
427.76,0.0,14.62,37.48,1.69,32.06,74.07,55.47,3.0,2026-07-19 21:46:49.611930,Rawalpindi,21,19,7,0.0,30.61
450.17,0.0,14.58,32.51,1.37,32.85,72.25,38.01,3.0,2026-07-19 22:46:02.137494,Rawalpindi,22,19,7,0.0,30.61
469.19,0.0,14.13,29.96,1.17,33.5,69.18,25.05,3.0,2026-07-19 23:53:20.188778,Rawalpindi,23,19,7,0.0,30.05
434.87,0.88,7.16,50.79,1.71,29.51,50.94,13.17,3.0,2026-07-20 02:32:45.404491,Rawalpindi,2,20,7,0.0,32.27
353.7,0.34,2.95,97.53,2.32,38.65,58.92,9.82,3.0,2026-07-20 06:12:58.451294,Rawalpindi,6,20,7,0.0,36.69
263.21,0.15,1.8,115.82,2.24,38.91,66.59,8.59,3.0,2026-07-20 09:55:35.546357,Rawalpindi,9,20,7,0.0,36.42
247.33,0.1,2.56,108.67,2.07,29.26,52.07,8.58,3.0,2026-07-20 12:13:22.747572,Rawalpindi,12,20,7,0.0,38.59
418.08,0.0,12.34,54.83,3.51,23.88,29.51,10.93,2.0,2026-07-20 15:07:36.411296,Rawalpindi,15,20,7,-1.0,31.72
556.85,0.0,14.22,37.07,3.09,28.66,31.1,7.25,3.0,2026-07-20 17:56:10.522508,Rawalpindi,17,20,7,1.0,29.49
586.43,0.0,12.68,35.7,3.28,31.62,33.26,5.79,3.0,2026-07-20 19:40:05.786610,Rawalpindi,19,20,7,0.0,31.21
607.03,0.0,12.25,33.97,3.14,33.58,34.99,5.56,3.0,2026-07-20 21:06:56.327390,Rawalpindi,21,20,7,0.0,29.93
633.86,0.0,11.35,31.31,2.36,29.02,30.3,5.53,3.0,2026-07-20 22:55:22.452632,Rawalpindi,22,20,7,0.0,29.09
644.55,0.0,10.96,30.1,1.99,25.04,26.25,5.34,3.0,2026-07-20 23:53:56.204665,Rawalpindi,23,20,7,0.0,28.75
669.4,0.02,11.24,25.26,1.51,25.04,26.28,5.39,3.0,2026-07-21 02:11:25.592722,Rawalpindi,2,21,7,0.0,24.26
759.69,0.84,15.13,16.56,1.6,25.5,26.84,5.3,3.0,2026-07-21 05:45:40.954181,Rawalpindi,5,21,7,0.0,24.66
779.38,0.94,15.85,19.21,1.61,23.27,24.65,5.67,2.0,2026-07-21 08:19:24.175313,Rawalpindi,8,21,7,-1.0,31.61
803.43,0.44,18.01,15.29,1.72,22.74,24.2,5.96,2.0,2026-07-21 11:04:05.206679,Rawalpindi,11,21,7,0.0,28.47
812.47,0.45,21.13,18.46,2.19,23.03,24.62,8.43,2.0,2026-07-21 13:28:28.209533,Rawalpindi,13,21,7,0.0,26.18
906.83,0.06,23.66,11.1,1.9,27.28,29.4,8.24,3.0,2026-07-21 15:40:09.907045,Rawalpindi,15,21,7,1.0,25.05
905.88,0.03,22.51,11.67,1.92,27.78,30.19,8.5,3.0,2026-07-21 17:12:39.200111,Rawalpindi,17,21,7,0.0,25.05
853.46,0.01,18.02,17.3,1.86,27.19,29.61,7.92,3.0,2026-07-21 19:13:16.419114,Rawalpindi,19,21,7,0.0,25.05
788.43,0.0,12.72,27.51,1.41,26.65,28.54,5.97,3.0,2026-07-21 21:02:28.038997,Rawalpindi,21,21,7,0.0,25.05
720.5,0.0,8.49,37.65,1.07,24.83,26.49,5.52,2.0,2026-07-21 22:51:32.750507,Rawalpindi,22,21,7,-1.0,25.05
709.16,0.0,7.59,39.2,0.99,25.07,26.64,5.89,3.0,2026-07-21 23:52:58.566004,Rawalpindi,23,21,7,1.0,25.05
713.21,0.01,7.16,39.27,1.05,25.78,27.46,6.06,3.0,2026-07-22 02:09:17.686956,Rawalpindi,2,22,7,0.0,25.05
810.58,0.14,10.76,33.43,1.76,31.31,33.86,6.99,3.0,2026-07-22 05:44:51.155732,Rawalpindi,5,22,7,0.0,30.26
843.49,0.1,12.31,33.85,2.02,31.32,33.62,6.86,3.0,2026-07-22 08:20:28.477755,Rawalpindi,8,22,7,0.0,29.32
914.75,0.08,16.33,33.57,2.63,33.61,35.28,7.33,3.0,2026-07-22 11:04:36.000269,Rawalpindi,11,22,7,0.0,31.07
801.69,0.04,11.22,75.67,2.22,41.49,43.23,7.71,3.0,2026-07-22 13:40:34.364301,Rawalpindi,13,22,7,0.0,26.16
809.27,0.0,10.7,75.95,2.35,43.26,45.11,7.7,3.0,2026-07-22 15:29:03.091044,Rawalpindi,15,22,7,0.0,26.72
777.09,0.0,9.01,71.1,2.42,40.41,42.46,8.02,3.0,2026-07-22 17:12:01.121635,Rawalpindi,17,22,7,0.0,25.61
711.2,0.0,7.69,66.98,2.27,34.78,36.89,7.76,3.0,2026-07-22 19:07:03.639828,Rawalpindi,19,22,7,0.0,25.61
658.78,0.0,6.35,65.12,2.11,31.44,33.53,7.93,3.0,2026-07-22 21:00:42.805469,Rawalpindi,21,22,7,0.0,25.05
632.47,0.0,5.75,64.99,2.06,30.55,32.74,8.14,3.0,2026-07-22 22:12:18.178495,Rawalpindi,22,22,7,0.0,24.49
589.98,0.0,5.09,64.38,1.78,26.04,28.34,6.8,3.0,2026-07-22 23:58:53.913908,Rawalpindi,23,22,7,0.0,25.05
537.49,0.07,6.41,59.56,1.48,22.2,24.75,6.12,2.0,2026-07-23 03:17:57.708980,Rawalpindi,3,23,7,-1.0,26.72
446.0,0.11,6.01,71.71,1.76,18.31,20.22,6.48,2.0,2026-07-23 06:26:54.805762,Rawalpindi,6,23,7,0.0,28.38
407.14,0.17,4.74,83.16,1.48,15.04,16.04,5.03,2.0,2026-07-23 09:22:24.476527,Rawalpindi,9,23,7,0.0,30.62
401.77,0.23,4.03,100.54,1.17,19.48,20.64,6.22,3.0,2026-07-23 11:48:06.261511,Rawalpindi,11,23,7,1.0,31.58
383.96,0.04,5.19,108.22,1.57,23.06,24.45,8.64,3.0,2026-07-23 13:46:02.019755,Rawalpindi,13,23,7,0.0,28.38
407.45,0.0,7.21,89.11,1.51,21.5,23.69,14.26,2.0,2026-07-23 15:52:27.885611,Rawalpindi,15,23,7,-1.0,27.27
463.35,0.0,10.08,74.04,1.4,23.23,26.2,18.2,2.0,2026-07-23 17:15:32.218218,Rawalpindi,17,23,7,0.0,27.27
543.63,0.0,13.76,51.81,1.06,25.8,30.15,17.69,3.0,2026-07-23 19:07:43.059816,Rawalpindi,19,23,7,1.0,27.27
584.09,0.0,14.41,36.83,0.82,27.88,33.21,19.57,3.0,2026-07-23 20:57:56.993547,Rawalpindi,20,23,7,0.0,26.72
599.29,0.0,14.38,32.0,0.78,29.14,34.73,21.95,3.0,2026-07-23 22:05:23.494290,Rawalpindi,22,23,7,0.0,26.16
628.4,0.01,15.11,24.2,0.77,31.14,37.72,28.19,3.0,2026-07-23 23:56:22.106567,Rawalpindi,23,23,7,0.0,25.61
670.83,1.9,14.26,20.83,0.84,30.17,38.84,23.93,3.0,2026-07-24 02:26:54.090045,Rawalpindi,2,24,7,0.0,26.72
331.63,0.32,2.15,103.06,2.0,20.75,24.41,6.27,3.0,2026-07-24 05:45:51.055507,Rawalpindi,5,24,7,0.0,30.05
320.87,0.19,1.74,110.53,1.34,22.83,24.81,5.34,3.0,2026-07-24 08:18:15.786181,Rawalpindi,8,24,7,0.0,31.72
279.72,0.18,1.78,108.61,0.79,19.21,20.58,5.43,3.0,2026-07-24 10:59:27.611548,Rawalpindi,10,24,7,0.0,33.38
274.02,0.21,2.17,106.32,0.75,17.43,18.87,6.05,3.0,2026-07-24 12:23:11.238198,Rawalpindi,12,24,7,0.0,32.83
591.18,0.0,22.66,51.9,1.51,24.69,29.69,38.54,2.0,2026-07-24 14:51:32.422760,Rawalpindi,14,24,7,-1.0,30.61
738.73,0.01,28.18,32.58,1.64,29.84,36.64,46.76,3.0,2026-07-24 16:33:44.856224,Rawalpindi,16,24,7,1.0,30.05
792.24,0.04,29.67,25.01,1.55,32.03,39.3,44.65,3.0,2026-07-24 18:15:24.056695,Rawalpindi,18,24,7,0.0,28.94
820.02,0.11,27.97,17.03,1.12,33.77,41.05,36.6,3.0,2026-07-24 20:16:59.398932,Rawalpindi,20,24,7,0.0,28.38
794.29,0.11,23.38,16.7,0.9,34.93,42.1,32.7,3.0,2026-07-24 22:01:16.678630,Rawalpindi,22,24,7,0.0,27.83
756.11,0.02,19.81,23.0,1.0,35.92,42.78,37.41,3.0,2026-07-24 23:59:08.716708,Rawalpindi,23,24,7,0.0,27.83
632.98,1.89,10.75,56.7,1.81,36.34,42.45,33.03,3.0,2026-07-25 03:12:40.241972,Rawalpindi,3,25,7,0.0,28.94
464.74,0.18,3.17,118.56,2.56,37.9,40.78,8.07,3.0,2026-07-25 06:12:39.551066,Rawalpindi,6,25,7,0.0,33.82
381.79,0.07,1.92,119.35,0.75,14.84,15.85,3.99,3.0,2026-07-25 08:57:42.168036,Rawalpindi,8,25,7,0.0,32.32
383.05,0.1,1.9,118.22,0.59,13.6,14.47,4.06,3.0,2026-07-25 10:27:49.318838,Rawalpindi,10,25,7,0.0,32.33
393.06,0.16,2.12,119.96,0.51,15.12,15.97,4.82,3.0,2026-07-25 11:59:39.230287,Rawalpindi,11,25,7,0.0,31.68
587.7,0.05,7.43,89.75,1.06,32.98,34.74,8.29,3.0,2026-07-25 13:48:04.318941,Rawalpindi,13,25,7,0.0,27.27
592.62,0.0,7.42,86.11,1.03,32.47,34.35,8.32,3.0,2026-07-25 14:58:45.125230,Rawalpindi,14,25,7,0.0,26.72
594.96,0.0,7.31,81.91,0.99,32.72,34.82,8.65,3.0,2026-07-25 16:06:35.159755,Rawalpindi,16,25,7,0.0,26.16
609.99,0.0,7.7,72.25,0.93,35.01,37.81,9.92,3.0,2026-07-25 17:55:13.774116,Rawalpindi,17,25,7,0.0,26.16
608.64,0.0,7.78,67.54,0.88,34.99,37.89,10.33,3.0,2026-07-25 19:00:43.481558,Rawalpindi,19,25,7,0.0,25.61
605.75,0.0,7.46,59.23,0.98,34.24,37.19,11.87,3.0,2026-07-25 20:43:58.023205,Rawalpindi,20,25,7,0.0,26.16
598.25,0.0,7.26,56.09,1.04,33.31,36.25,12.61,3.0,2026-07-25 21:50:48.433086,Rawalpindi,21,25,7,0.0,25.61
591.49,0.0,7.04,53.31,1.04,32.53,35.51,12.66,3.0,2026-07-25 22:50:35.904703,Rawalpindi,22,25,7,0.0,26.16
584.03,0.0,6.9,50.89,1.02,32.1,35.13,12.77,3.0,2026-07-25 23:56:18.240518,Rawalpindi,23,25,7,0.0,25.61
574.05,0.11,7.35,45.93,1.11,29.27,32.65,12.75,3.0,2026-07-26 02:29:03.835440,Rawalpindi,2,26,7,0.0,27.27
514.71,0.49,4.48,83.15,1.28,29.18,32.34,9.33,3.0,2026-07-26 05:56:31.969116,Rawalpindi,5,26,7,0.0,25.73
360.08,0.14,1.35,109.9,0.74,19.41,21.38,4.46,3.0,2026-07-26 08:22:38.651009,Rawalpindi,8,26,7,0.0,34.9
317.19,0.13,1.4,113.76,0.57,16.89,18.64,5.33,3.0,2026-07-26 10:41:09.953542,Rawalpindi,10,26,7,0.0,33.94
317.76,0.14,1.94,112.47,0.61,16.4,18.36,6.43,3.0,2026-07-26 11:59:27.053229,Rawalpindi,11,26,7,0.0,33.86
447.0,0.2,12.57,75.93,1.03,15.01,18.56,28.56,2.0,2026-07-26 13:41:28.536610,Rawalpindi,13,26,7,-1.0,31.72
528.42,0.0,16.72,62.11,1.21,17.35,22.0,40.96,2.0,2026-07-26 15:02:12.801552,Rawalpindi,15,26,7,0.0,31.19
637.53,0.0,20.1,46.92,1.33,22.66,29.46,50.72,2.0,2026-07-26 16:53:58.305836,Rawalpindi,16,26,7,0.0,29.49
669.17,0.0,20.25,41.54,1.19,24.68,32.65,45.21,2.0,2026-07-26 17:58:37.081424,Rawalpindi,17,26,7,0.0,28.94
672.53,0.0,19.02,38.72,0.95,25.35,34.74,35.45,3.0,2026-07-26 19:16:04.903985,Rawalpindi,19,26,7,1.0,27.83
672.09,0.0,16.44,34.14,0.77,27.44,40.53,31.48,3.0,2026-07-26 20:52:57.123157,Rawalpindi,20,26,7,0.0,27.27
666.41,0.0,15.52,32.18,0.77,28.22,43.21,34.73,3.0,2026-07-26 21:55:17.106127,Rawalpindi,21,26,7,0.0,26.72
662.65,0.0,14.99,31.51,0.85,29.93,46.91,42.94,3.0,2026-07-26 22:56:02.346229,Rawalpindi,22,26,7,0.0,26.72
665.59,0.0,15.2,31.56,1.0,32.27,51.07,54.56,3.0,2026-07-26 23:57:36.776746,Rawalpindi,23,26,7,0.0,26.16
765.33,3.33,15.12,37.1,1.24,35.29,59.67,47.23,3.0,2026-07-27 02:55:57.345079,Rawalpindi,2,27,7,0.0,30.61
420.03,0.26,2.29,130.43,1.03,30.99,51.71,13.08,3.0,2026-07-27 06:26:01.750257,Rawalpindi,6,27,7,0.0,34.49
309.29,0.14,1.13,117.37,0.5,22.69,38.69,8.2,3.0,2026-07-27 10:38:21.703594,Rawalpindi,10,27,7,0.0,36.16
419.55,0.11,9.46,88.43,0.84,18.07,33.23,21.74,2.0,2026-07-27 13:36:13.400615,Rawalpindi,13,27,7,-1.0,34.49
531.76,0.0,13.26,69.19,1.06,24.91,44.97,33.26,2.0,2026-07-27 16:13:37.045342,Rawalpindi,16,27,7,0.0,32.83
583.82,0.0,13.46,60.92,1.03,30.76,54.6,32.95,3.0,2026-07-27 18:21:41.497751,Rawalpindi,18,27,7,1.0,31.16
611.37,0.0,14.4,51.89,1.08,34.8,60.28,46.25,3.0,2026-07-27 20:19:06.936982,Rawalpindi,20,27,7,0.0,30.05
656.06,0.0,16.17,44.15,1.41,41.24,65.85,69.72,3.0,2026-07-27 22:02:03.934285,Rawalpindi,22,27,7,0.0,29.49
703.81,0.0,16.68,34.88,1.47,45.93,69.25,74.44,3.0,2026-07-27 23:58:54.566313,Rawalpindi,23,27,7,0.0,28.94
865.66,3.95,13.77,29.62,1.13,46.35,63.51,25.44,3.0,2026-07-28 02:47:18.910699,Rawalpindi,2,28,7,0.0,30.61
579.89,0.25,2.71,133.79,3.65,61.23,70.44,10.32,4.0,2026-07-28 05:42:56.119339,Rawalpindi,5,28,7,1.0,35.05
423.64,0.14,1.31,131.93,2.28,45.22,54.25,7.84,3.0,2026-07-28 08:25:57.989842,Rawalpindi,8,28,7,-1.0,36.72
406.88,0.15,1.77,139.64,1.97,46.3,53.83,9.08,3.0,2026-07-28 11:13:35.295977,Rawalpindi,11,28,7,0.0,37.27
556.73,0.04,12.0,112.28,2.24,49.31,63.64,24.87,3.0,2026-07-28 13:53:46.643673,Rawalpindi,13,28,7,0.0,33.94
719.6,0.0,16.71,89.75,2.22,56.51,69.92,36.62,4.0,2026-07-28 16:03:02.271620,Rawalpindi,16,28,7,1.0,33.5
925.07,0.0,22.1,64.5,2.04,64.04,77.96,40.58,4.0,2026-07-28 18:10:18.134889,Rawalpindi,18,28,7,0.0,32.41
1001.5,0.0,21.83,49.88,1.8,65.84,82.16,30.97,4.0,2026-07-28 20:13:17.647829,Rawalpindi,20,28,7,0.0,31.56
981.78,0.0,16.98,44.37,2.17,65.33,79.72,21.8,4.0,2026-07-28 21:59:39.773346,Rawalpindi,21,28,7,0.0,29.93
998.52,0.0,16.24,37.78,2.52,65.11,76.55,16.88,4.0,2026-07-28 23:05:40.326645,Rawalpindi,23,28,7,0.0,29.63
950.14,0.34,12.76,31.13,3.38,54.87,59.8,10.1,4.0,2026-07-29 02:07:38.198667,Rawalpindi,2,29,7,0.0,30.5
679.85,0.37,5.03,103.12,3.51,50.27,55.41,10.27,4.0,2026-07-29 05:47:08.036705,Rawalpindi,5,29,7,0.0,35.17
458.83,0.2,2.06,123.41,2.42,42.56,62.07,7.97,3.0,2026-07-29 08:32:00.608935,Rawalpindi,8,29,7,-1.0,37.26
401.52,0.16,1.99,130.79,2.2,48.64,79.53,8.09,3.0,2026-07-29 11:21:18.480433,Rawalpindi,11,29,7,0.0,37.93
613.39,0.08,13.51,89.56,2.23,30.74,40.13,22.36,3.0,2026-07-29 13:58:57.659590,Rawalpindi,13,29,7,0.0,34.95
753.94,0.0,18.0,69.42,2.29,37.06,46.14,29.59,3.0,2026-07-29 15:50:25.432028,Rawalpindi,15,29,7,0.0,33.08
814.92,0.0,18.63,63.05,2.35,40.7,49.55,28.98,3.0,2026-07-29 17:10:40.771283,Rawalpindi,17,29,7,0.0,32.6
906.57,0.0,18.63,54.21,2.39,48.25,56.41,23.83,3.0,2026-07-29 19:07:05.368135,Rawalpindi,19,29,7,0.0,28.38
926.6,0.0,13.67,60.59,3.29,58.5,65.26,14.59,4.0,2026-07-29 20:50:40.787296,Rawalpindi,20,29,7,1.0,27.83
875.57,0.0,9.66,74.23,4.69,65.05,71.59,10.46,4.0,2026-07-29 21:56:23.874997,Rawalpindi,21,29,7,0.0,27.27
841.42,0.0,7.3,83.22,5.77,69.17,74.8,7.89,4.0,2026-07-29 22:58:00.710087,Rawalpindi,22,29,7,0.0,27.27
802.96,0.0,5.67,90.89,6.44,72.4,76.5,6.14,4.0,2026-07-30 00:00:38.342278,Rawalpindi,0,30,7,0.0,26.72
816.41,0.02,6.26,87.11,5.09,75.98,77.96,5.64,5.0,2026-07-30 03:14:55.876606,Rawalpindi,3,30,7,1.0,29.49
872.43,0.26,7.46,85.44,3.29,69.03,71.54,9.52,4.0,2026-07-30 06:22:55.530058,Rawalpindi,6,30,7,-1.0,33.38
576.2,0.16,3.56,114.31,2.14,43.63,48.58,7.06,3.0,2026-07-30 09:27:00.585469,Rawalpindi,9,30,7,-1.0,35.05
528.21,0.22,3.94,122.17,2.01,43.87,51.27,9.63,3.0,2026-07-30 11:48:16.957068,Rawalpindi,11,30,7,0.0,33.94
518.18,0.03,9.18,109.13,2.32,53.96,68.91,16.7,4.0,2026-07-30 13:47:54.967311,Rawalpindi,13,30,7,1.0,32.27
610.16,0.0,10.77,93.18,2.09,59.97,72.03,14.98,4.0,2026-07-30 15:48:58.721578,Rawalpindi,15,30,7,0.0,30.61
637.47,0.0,9.98,90.26,2.03,61.37,71.46,13.97,4.0,2026-07-30 17:21:21.584527,Rawalpindi,17,30,7,0.0,30.05
639.71,0.0,7.56,90.96,1.99,59.65,66.49,11.82,4.0,2026-07-30 19:18:20.509813,Rawalpindi,19,30,7,0.0,28.94
632.25,0.0,5.24,94.2,2.92,55.91,60.11,8.14,4.0,2026-07-30 21:02:57.200227,Rawalpindi,21,30,7,0.0,28.38
645.31,0.0,4.21,94.34,4.23,52.07,54.81,5.96,4.0,2026-07-30 23:00:49.851434,Rawalpindi,23,30,7,0.0,28.38
724.91,0.04,5.1,77.16,2.81,41.34,43.64,6.03,3.0,2026-07-31 02:22:46.974588,Rawalpindi,2,31,7,-1.0,25.05
725.75,0.33,4.25,101.88,1.68,37.71,40.05,6.76,3.0,2026-07-31 06:07:11.080752,Rawalpindi,6,31,7,0.0,32.49
661.67,0.23,3.06,136.22,1.39,37.72,39.64,7.22,3.0,2026-07-31 09:39:43.756302,Rawalpindi,9,31,7,0.0,32.05
739.11,0.21,6.06,133.16,1.79,54.89,56.83,9.39,4.0,2026-07-31 11:55:01.419048,Rawalpindi,11,31,7,1.0,31.94
687.74,0.02,6.99,133.94,2.24,60.4,62.46,10.51,4.0,2026-07-31 13:52:32.706650,Rawalpindi,13,31,7,0.0,29.38
684.35,0.0,7.29,115.34,2.05,58.01,60.46,12.2,4.0,2026-07-31 15:59:13.514825,Rawalpindi,15,31,7,0.0,26.16
694.16,0.0,8.75,89.35,1.63,53.96,57.28,13.67,4.0,2026-07-31 17:43:59.432198,Rawalpindi,17,31,7,0.0,26.16
685.78,0.0,9.06,78.6,1.46,50.77,54.36,13.05,4.0,2026-07-31 19:17:44.248147,Rawalpindi,19,31,7,0.0,25.61
634.13,0.0,7.78,64.61,1.65,41.97,45.3,10.28,3.0,2026-07-31 21:00:08.730514,Rawalpindi,21,31,7,-1.0,25.61
592.64,0.0,6.93,60.09,1.83,36.58,39.59,9.05,3.0,2026-07-31 22:11:12.436802,Rawalpindi,22,31,7,0.0,25.61
545.29,0.0,6.18,51.51,1.91,28.85,31.55,8.19,3.0,2026-07-31 23:57:44.411480,Rawalpindi,23,31,7,0.0,25.61
499.22,0.8,6.06,49.54,1.56,23.69,27.19,2.76,2.0,2026-08-01 02:50:21.906865,Rawalpindi,2,1,8,-1.0,26.72
425.08,0.37,2.54,102.22,1.9,36.75,39.73,1.95,3.0,2026-08-01 05:51:37.068178,Rawalpindi,5,1,8,1.0,31.72
315.09,0.17,1.36,109.75,1.31,30.86,32.29,1.18,3.0,2026-08-01 08:12:42.515087,Rawalpindi,8,1,8,0.0,33.38
323.33,0.19,2.0,120.38,1.26,37.22,38.64,1.37,3.0,2026-08-01 10:37:17.017969,Rawalpindi,10,1,8,0.0,32.83
337.88,0.2,2.73,121.95,1.32,38.82,40.43,1.55,3.0,2026-08-01 11:59:36.821905,Rawalpindi,11,1,8,0.0,32.27
440.24,0.11,14.09,71.31,1.38,32.56,36.23,4.71,3.0,2026-08-01 13:41:38.301705,Rawalpindi,13,1,8,0.0,31.72
533.75,0.0,18.68,55.8,1.4,37.02,41.99,5.58,3.0,2026-08-01 14:56:15.235421,Rawalpindi,14,1,8,0.0,30.61
608.11,0.0,21.97,47.63,1.62,41.84,48.01,7.04,3.0,2026-08-01 15:58:33.997082,Rawalpindi,15,1,8,0.0,30.61
670.79,0.0,24.79,43.41,2.04,46.4,53.62,9.73,3.0,2026-08-01 17:03:12.981787,Rawalpindi,17,1,8,0.0,29.49
747.75,0.0,28.15,36.19,2.45,54.13,62.29,12.79,4.0,2026-08-01 19:02:10.076060,Rawalpindi,19,1,8,1.0,28.94
779.16,0.0,27.15,34.52,2.59,65.41,73.87,13.36,4.0,2026-08-01 20:44:17.954833,Rawalpindi,20,1,8,0.0,28.38
779.02,0.01,24.01,33.71,2.23,65.69,73.94,9.39,4.0,2026-08-01 21:50:56.245408,Rawalpindi,21,1,8,0.0,27.83
778.44,0.02,20.93,32.83,1.97,62.63,70.06,5.1,4.0,2026-08-01 22:50:32.111175,Rawalpindi,22,1,8,0.0,27.83
770.43,0.01,18.49,35.85,2.09,62.56,68.78,2.81,4.0,2026-08-01 23:53:27.500309,Rawalpindi,23,1,8,0.0,27.27
582.5,0.14,9.28,60.53,2.62,52.0,55.72,1.46,4.0,2026-08-02 02:18:53.332189,Rawalpindi,2,2,8,0.0,28.38
436.72,0.29,3.28,112.05,2.17,52.23,55.33,1.11,4.0,2026-08-02 05:52:16.120243,Rawalpindi,5,2,8,0.0,33.38
370.49,0.17,1.94,124.08,1.64,49.47,51.99,0.9,3.0,2026-08-02 08:14:25.388745,Rawalpindi,8,2,8,-1.0,34.49
332.6,0.18,1.82,125.81,1.26,41.89,44.29,1.02,3.0,2026-08-02 10:36:40.447472,Rawalpindi,10,2,8,0.0,35.61
335.89,0.18,2.29,127.52,1.27,42.11,44.71,1.19,3.0,2026-08-02 11:58:38.704655,Rawalpindi,11,2,8,0.0,35.61
341.86,0.18,5.48,107.87,1.48,33.81,36.61,1.99,3.0,2026-08-02 13:27:00.210280,Rawalpindi,13,2,8,0.0,33.94
474.23,0.0,13.1,79.28,1.51,39.36,44.32,4.5,3.0,2026-08-02 14:58:36.138135,Rawalpindi,14,2,8,0.0,32.27
541.18,0.0,15.89,66.97,1.47,42.27,48.33,4.89,3.0,2026-08-02 16:02:43.618681,Rawalpindi,16,2,8,0.0,31.16
691.73,0.0,21.19,44.45,1.34,49.7,57.53,4.6,3.0,2026-08-02 17:58:12.114940,Rawalpindi,17,2,8,0.0,30.05
740.43,0.01,22.48,37.16,1.24,52.36,60.5,4.33,4.0,2026-08-02 19:12:58.300292,Rawalpindi,19,2,8,1.0,30.05
811.59,0.08,22.57,29.25,1.22,58.33,66.91,4.4,4.0,2026-08-02 20:49:01.143648,Rawalpindi,20,2,8,0.0,29.49
834.81,0.17,21.4,27.55,1.28,61.09,69.6,4.05,4.0,2026-08-02 21:50:57.813933,Rawalpindi,21,2,8,0.0,28.94
849.18,0.22,19.49,28.13,1.53,63.13,70.86,2.86,4.0,2026-08-02 22:51:30.863198,Rawalpindi,22,2,8,0.0,28.94
839.26,0.09,17.01,34.62,2.18,63.84,70.08,2.0,4.0,2026-08-02 23:54:44.440555,Rawalpindi,23,2,8,0.0,28.38
511.92,0.02,5.65,100.25,3.79,53.5,56.69,0.71,4.0,2026-08-03 02:22:58.622692,Rawalpindi,2,3,8,0.0,30.05
437.15,0.28,3.42,122.03,2.78,47.6,50.93,0.78,3.0,2026-08-03 06:17:01.403360,Rawalpindi,6,3,8,-1.0,33.79
381.96,0.15,1.75,137.55,1.62,36.8,39.25,0.72,3.0,2026-08-03 10:38:05.336727,Rawalpindi,10,3,8,0.0,34.49
556.98,0.02,9.02,117.93,1.44,53.51,59.99,2.76,4.0,2026-08-03 13:37:09.719373,Rawalpindi,13,3,8,1.0,32.23
665.11,0.0,11.19,99.31,1.54,63.86,71.11,3.46,4.0,2026-08-03 16:19:28.262450,Rawalpindi,16,3,8,0.0,31.41
848.91,0.0,14.05,71.46,1.93,81.81,89.42,3.04,5.0,2026-08-03 18:47:19.298514,Rawalpindi,18,3,8,1.0,27.27
895.31,0.0,14.45,63.09,2.31,84.75,91.92,2.83,5.0,2026-08-03 20:23:57.428078,Rawalpindi,20,3,8,0.0,26.72
929.37,0.0,13.43,53.63,2.88,86.4,92.47,2.74,5.0,2026-08-03 22:04:00.372845,Rawalpindi,22,3,8,0.0,26.16
881.96,0.0,10.1,58.9,2.55,81.29,86.38,1.92,5.0,2026-08-04 00:04:39.500761,Rawalpindi,0,4,8,0.0,26.72
847.81,0.49,8.22,78.88,2.12,82.03,86.56,1.39,5.0,2026-08-04 04:09:10.006382,Rawalpindi,4,4,8,0.0,29.49
770.7,0.23,5.19,114.71,1.49,80.37,83.75,1.01,5.0,2026-08-04 07:34:09.498954,Rawalpindi,7,4,8,0.0,32.27
662.72,0.22,3.46,138.15,1.14,64.69,67.86,1.02,4.0,2026-08-04 10:32:52.717387,Rawalpindi,10,4,8,-1.0,33.94
725.25,0.29,8.98,126.01,1.23,66.69,70.62,2.31,4.0,2026-08-04 12:57:06.745617,Rawalpindi,12,4,8,0.0,32.83
689.9,0.0,18.84,78.84,1.34,39.8,52.29,5.24,3.0,2026-08-04 15:23:50.795130,Rawalpindi,15,4,8,-1.0,31.16
933.36,0.0,24.52,54.09,1.45,55.88,70.21,5.43,4.0,2026-08-04 17:41:20.040946,Rawalpindi,17,4,8,1.0,30.05
979.22,0.0,24.93,47.22,1.32,59.02,72.88,4.53,4.0,2026-08-04 19:25:07.595144,Rawalpindi,19,4,8,0.0,29.49
1037.93,0.01,21.24,40.08,1.4,63.63,73.85,2.52,4.0,2026-08-04 21:07:02.406717,Rawalpindi,21,4,8,0.0,29.49
839.99,0.0,10.45,71.32,1.95,55.33,60.8,1.76,4.0,2026-08-04 22:58:36.057629,Rawalpindi,22,4,8,0.0,26.72
837.83,0.0,9.95,67.16,1.92,55.15,60.02,1.89,4.0,2026-08-05 00:06:02.785281,Rawalpindi,0,5,8,0.0,23.94
752.34,0.61,7.36,92.02,1.75,50.68,56.53,1.56,4.0,2026-08-05 03:56:17.366019,Rawalpindi,3,5,8,0.0,30.24
675.93,0.26,5.29,113.58,1.73,48.87,54.71,1.5,3.0,2026-08-05 06:25:03.063679,Rawalpindi,6,5,8,-1.0,32.27
512.1,0.21,2.0,142.02,1.46,50.27,59.18,0.9,4.0,2026-08-05 09:33:17.515527,Rawalpindi,9,5,8,1.0,34.49
494.59,0.18,3.27,141.74,1.59,51.93,62.67,1.06,4.0,2026-08-05 11:55:29.281118,Rawalpindi,11,5,8,0.0,33.94
487.83,0.02,7.86,121.43,1.87,48.18,68.02,2.33,3.0,2026-08-05 13:56:48.439107,Rawalpindi,13,5,8,-1.0,32.27
586.41,0.0,10.47,107.1,2.2,53.31,71.95,3.73,4.0,2026-08-05 16:00:44.359126,Rawalpindi,16,5,8,1.0,30.05
696.31,0.0,11.72,92.92,2.66,62.0,79.63,3.06,4.0,2026-08-05 17:49:52.800833,Rawalpindi,17,5,8,0.0,29.49
734.46,0.0,12.13,83.94,3.26,65.72,81.6,2.46,4.0,2026-08-05 19:23:25.774233,Rawalpindi,19,5,8,0.0,28.94
823.77,0.0,11.39,68.91,3.75,75.69,85.37,1.65,5.0,2026-08-05 21:03:41.886600,Rawalpindi,21,5,8,1.0,27.27
864.44,0.0,9.47,60.37,3.09,79.78,85.57,1.26,5.0,2026-08-05 22:54:32.644289,Rawalpindi,22,5,8,0.0,27.83
879.46,0.0,8.98,58.05,3.24,76.1,80.84,1.15,5.0,2026-08-05 23:56:03.170961,Rawalpindi,23,5,8,0.0,27.5
871.38,0.03,7.32,69.41,3.77,64.06,68.31,1.04,4.0,2026-08-06 02:09:58.585158,Rawalpindi,2,6,8,-1.0,28.51
763.95,0.28,5.17,113.91,3.41,69.86,75.76,1.03,4.0,2026-08-06 05:43:57.386646,Rawalpindi,5,6,8,0.0,32.27
615.9,0.18,3.33,126.54,3.02,59.28,70.25,0.77,4.0,2026-08-06 08:26:41.771621,Rawalpindi,8,6,8,0.0,35.05
532.73,0.21,2.96,137.05,2.6,59.87,76.7,0.86,4.0,2026-08-06 11:17:26.785136,Rawalpindi,11,6,8,0.0,37.29
425.11,0.02,7.15,118.82,2.43,57.54,86.91,2.03,4.0,2026-08-06 13:54:23.061824,Rawalpindi,13,6,8,0.0,31.72
782.86,0.0,8.82,60.54,3.09,87.65,96.7,1.73,5.0,2026-08-07 00:38:48.322050,Rawalpindi,0,7,8,1.0,26.32
757.02,0.65,6.99,90.39,3.29,83.46,92.69,1.44,5.0,2026-08-07 03:46:46.154700,Rawalpindi,3,7,8,0.0,30.3
689.2,0.34,3.21,138.63,3.21,85.67,93.98,1.29,5.0,2026-08-07 05:36:37.946309,Rawalpindi,5,7,8,0.0,30.61
618.53,0.22,2.12,152.46,2.91,81.83,90.75,0.85,5.0,2026-08-07 07:07:15.618657,Rawalpindi,7,7,8,0.0,31.72
528.31,0.16,1.67,157.07,2.23,75.03,84.7,0.53,5.0,2026-08-07 08:53:23.154608,Rawalpindi,8,7,8,0.0,33.94
521.18,0.16,1.81,159.99,2.06,75.06,84.78,0.58,5.0,2026-08-07 09:56:51.525228,Rawalpindi,9,7,8,0.0,34.49
515.22,0.17,2.21,159.36,1.9,74.11,83.8,0.7,4.0,2026-08-07 10:51:14.137648,Rawalpindi,10,7,8,-1.0,33.94
516.54,0.16,3.04,156.75,1.83,73.61,83.39,0.86,4.0,2026-08-07 11:41:49.200566,Rawalpindi,11,7,8,0.0,33.38
566.62,0.15,6.95,142.7,1.84,75.68,85.93,1.82,5.0,2026-08-07 12:52:25.915936,Rawalpindi,12,7,8,1.0,32.83
876.01,0.04,16.93,118.22,1.97,113.88,122.84,4.39,5.0,2026-08-07 14:09:45.930425,Rawalpindi,14,7,8,0.0,31.16
1062.33,0.0,23.39,86.77,2.17,126.73,137.78,7.47,5.0,2026-08-07 15:52:01.645567,Rawalpindi,15,7,8,0.0,30.05
1149.85,0.0,26.06,78.74,2.69,134.82,146.66,10.82,5.0,2026-08-07 16:49:14.587613,Rawalpindi,16,7,8,0.0,29.49
1225.6,0.0,28.33,71.62,3.1,145.81,158.23,12.69,5.0,2026-08-07 17:44:28.127124,Rawalpindi,17,7,8,0.0,28.94
1276.36,0.0,29.42,64.89,3.26,155.39,167.96,13.47,5.0,2026-08-07 18:48:37.087912,Rawalpindi,18,7,8,0.0,28.38
1312.74,0.0,29.06,58.7,3.31,164.0,176.59,14.31,5.0,2026-08-07 19:49:28.775846,Rawalpindi,19,7,8,0.0,28.38
1343.81,0.0,27.71,52.2,3.18,172.32,184.76,14.27,5.0,2026-08-07 20:35:36.455747,Rawalpindi,20,7,8,0.0,27.83
1361.72,0.0,25.6,44.16,2.4,172.24,184.17,10.44,5.0,2026-08-07 21:34:20.141735,Rawalpindi,21,7,8,0.0,27.83
1361.72,0.0,25.6,44.16,2.4,172.24,184.17,10.44,5.0,2026-08-07 22:29:58.981428,Rawalpindi,22,7,8,0.0,27.83
1374.51,0.0,24.13,39.85,1.98,169.42,180.93,9.0,5.0,2026-08-07 23:29:16.267777,Rawalpindi,23,7,8,0.0,27.27
1399.03,0.01,22.96,37.33,1.73,165.45,176.44,8.39,5.0,2026-08-08 01:12:53.692633,Rawalpindi,1,8,8,0.0,26.72
1433.69,2.44,19.94,47.19,1.75,158.03,169.01,7.29,5.0,2026-08-08 03:20:54.591873,Rawalpindi,3,8,8,0.0,29.49
866.2,0.33,4.13,160.66,4.06,122.08,132.39,2.13,5.0,2026-08-08 04:51:50.543243,Rawalpindi,4,8,8,0.0,32.83
868.54,0.25,3.19,171.53,3.77,125.94,136.22,2.18,5.0,2026-08-08 05:38:42.482255,Rawalpindi,5,8,8,0.0,32.83
716.58,0.13,1.71,171.82,4.35,103.36,113.56,0.95,5.0,2026-08-08 06:42:19.593743,Rawalpindi,6,8,8,0.0,33.38
646.56,0.11,1.39,167.03,4.02,90.31,100.0,0.56,5.0,2026-08-08 07:44:25.106829,Rawalpindi,7,8,8,0.0,33.38
644.48,0.11,1.48,168.22,4.09,87.99,96.44,0.47,5.0,2026-08-08 08:34:43.405445,Rawalpindi,8,8,8,0.0,32.83
665.41,0.11,1.75,172.41,4.33,88.66,95.8,0.47,5.0,2026-08-08 09:32:35.672936,Rawalpindi,9,8,8,0.0,32.27
665.41,0.11,1.75,172.41,4.33,88.66,95.8,0.47,5.0,2026-08-08 10:26:21.554567,Rawalpindi,10,8,8,0.0,29.49
701.49,0.12,2.35,176.35,4.6,91.59,97.34,0.56,5.0,2026-08-08 11:23:20.690336,Rawalpindi,11,8,8,0.0,30.61
759.16,0.07,5.29,164.53,4.55,90.02,93.67,1.06,5.0,2026-08-08 12:37:17.233608,Rawalpindi,12,8,8,0.0,31.16
824.14,0.01,8.32,145.6,2.94,97.77,102.06,2.62,5.0,2026-08-08 13:41:37.393187,Rawalpindi,13,8,8,0.0,30.61
824.14,0.01,8.32,145.6,2.94,97.77,102.06,2.62,5.0,2026-08-08 14:27:06.043953,Rawalpindi,14,8,8,0.0,30.61
848.52,0.0,8.58,135.55,2.68,97.79,102.13,3.16,5.0,2026-08-08 15:24:20.576403,Rawalpindi,15,8,8,0.0,30.05
861.87,0.0,9.16,121.35,2.3,95.63,100.03,3.55,5.0,2026-08-08 16:27:02.740591,Rawalpindi,16,8,8,0.0,29.49
887.59,0.0,10.55,104.45,1.93,93.71,98.46,3.84,5.0,2026-08-08 17:24:55.358017,Rawalpindi,17,8,8,0.0,28.94
909.37,0.0,11.91,89.94,1.7,91.97,97.09,3.8,5.0,2026-08-08 18:29:59.304243,Rawalpindi,18,8,8,0.0,28.94
918.73,0.0,12.79,77.65,1.54,89.54,94.78,3.62,5.0,2026-08-08 19:25:04.944754,Rawalpindi,19,8,8,0.0,28.38
923.03,0.0,12.95,68.05,1.44,86.9,92.18,3.38,5.0,2026-08-08 20:23:17.253194,Rawalpindi,20,8,8,0.0,27.83
922.6,0.0,12.95,59.3,1.35,83.75,89.13,3.17,5.0,2026-08-08 21:25:01.878396,Rawalpindi,21,8,8,0.0,27.27
920.07,0.0,13.04,51.1,1.3,80.47,86.0,3.01,5.0,2026-08-08 22:23:04.264724,Rawalpindi,22,8,8,0.0,26.72
920.82,0.0,13.17,44.48,1.27,77.92,83.66,2.99,5.0,2026-08-08 23:23:12.524923,Rawalpindi,23,8,8,0.0,26.72
878.75,0.0,11.59,41.31,1.84,70.75,76.82,2.77,4.0,2026-08-09 01:17:57.169577,Rawalpindi,1,9,8,-1.0,26.72
800.97,1.07,8.64,55.67,3.05,64.0,70.3,1.97,4.0,2026-08-09 03:29:20.267642,Rawalpindi,3,9,8,0.0,30.05
469.44,0.18,1.97,105.99,2.17,31.03,34.71,0.38,3.0,2026-08-09 04:59:45.906872,Rawalpindi,4,9,8,-1.0,32.27
430.79,0.1,1.73,105.93,1.79,25.19,28.33,0.45,3.0,2026-08-09 05:50:52.145355,Rawalpindi,5,9,8,0.0,32.83
411.53,0.07,1.71,105.48,1.54,20.35,23.02,0.5,3.0,2026-08-09 06:47:11.663743,Rawalpindi,6,9,8,0.0,33.38
395.16,0.1,1.62,104.49,1.31,16.96,19.3,0.55,3.0,2026-08-09 07:50:34.512473,Rawalpindi,7,9,8,0.0,33.94
383.84,0.12,1.54,104.65,1.19,15.46,17.64,0.6,3.0,2026-08-09 08:36:21.559959,Rawalpindi,8,9,8,0.0,33.94
379.85,0.13,1.51,107.44,1.15,15.32,17.54,0.66,3.0,2026-08-09 09:34:26.161356,Rawalpindi,9,9,8,0.0,34.49
379.85,0.13,1.51,107.44,1.15,15.32,17.54,0.66,3.0,2026-08-09 10:28:56.837726,Rawalpindi,10,9,8,0.0,33.38
376.51,0.14,1.58,110.46,1.15,15.74,18.08,0.74,3.0,2026-08-09 11:23:44.439466,Rawalpindi,11,9,8,0.0,33.94
441.31,0.31,6.73,98.11,1.26,18.19,21.31,2.35,2.0,2026-08-09 12:39:27.061206,Rawalpindi,12,9,8,-1.0,33.94
549.2,0.07,13.59,75.47,1.37,26.14,29.88,4.31,3.0,2026-08-09 13:44:43.443967,Rawalpindi,13,9,8,1.0,32.27
549.2,0.07,13.59,75.47,1.37,26.14,29.88,4.31,3.0,2026-08-09 14:29:46.107475,Rawalpindi,14,9,8,0.0,32.27
633.51,0.0,17.81,58.53,1.41,29.36,34.23,5.72,3.0,2026-08-09 15:25:47.365410,Rawalpindi,15,9,8,0.0,31.72
700.05,0.0,20.71,47.26,1.49,32.48,38.32,6.9,3.0,2026-08-09 16:28:14.319318,Rawalpindi,16,9,8,0.0,31.16
762.96,0.0,23.32,40.3,1.77,35.69,42.48,8.87,3.0,2026-08-09 17:26:17.863230,Rawalpindi,17,9,8,0.0,30.05
856.25,0.0,28.41,32.92,2.27,40.45,48.25,13.0,3.0,2026-08-09 18:32:39.054447,Rawalpindi,18,9,8,0.0,29.49
856.25,0.0,28.41,32.92,2.27,40.45,48.25,13.0,3.0,2026-08-09 19:28:52.244702,Rawalpindi,19,9,8,0.0,28.94
889.08,0.0,29.84,30.83,2.44,44.08,52.16,14.42,3.0,2026-08-09 20:25:56.753211,Rawalpindi,20,9,8,0.0,28.38
920.62,0.0,30.83,28.67,2.63,49.2,57.61,15.56,3.0,2026-08-09 21:26:34.438705,Rawalpindi,21,9,8,0.0,28.38
946.29,0.01,31.27,26.54,2.78,53.97,62.66,16.39,4.0,2026-08-09 22:24:52.070959,Rawalpindi,22,9,8,1.0,27.83
964.08,0.02,30.85,25.05,2.81,57.94,66.89,16.43,4.0,2026-08-09 23:25:46.661661,Rawalpindi,23,9,8,0.0,27.83
986.39,0.06,26.45,29.29,2.06,56.88,66.18,8.94,4.0,2026-08-10 01:19:39.979232,Rawalpindi,1,10,8,0.0,27.83
561.11,0.48,4.56,114.65,3.19,36.66,43.3,1.28,3.0,2026-08-10 03:49:07.633656,Rawalpindi,3,10,8,-1.0,31.16
485.57,0.25,2.28,127.98,2.69,33.34,39.18,0.94,3.0,2026-08-10 05:22:05.001743,Rawalpindi,5,10,8,0.0,33.94
468.88,0.16,1.51,142.48,2.48,38.15,44.11,0.95,4.0,2026-08-10 07:22:13.048434,Rawalpindi,7,10,8,1.0,35.05
459.06,0.15,1.47,149.32,2.23,41.8,47.78,0.99,4.0,2026-08-10 09:14:10.892073,Rawalpindi,9,10,8,0.0,36.16
460.14,0.15,1.84,154.41,2.08,43.62,50.04,1.14,4.0,2026-08-10 11:03:39.396834,Rawalpindi,11,10,8,0.0,35.61
515.77,0.13,6.15,141.5,2.03,45.37,52.25,2.15,4.0,2026-08-10 12:56:51.730131,Rawalpindi,12,10,8,0.0,35.05
640.92,0.02,11.5,128.56,2.31,56.65,64.56,3.57,4.0,2026-08-10 14:19:04.850110,Rawalpindi,14,10,8,0.0,33.38
809.65,0.0,16.29,101.62,2.34,67.57,76.59,5.93,4.0,2026-08-10 15:56:04.107090,Rawalpindi,15,10,8,0.0,33.38
911.51,0.0,18.96,85.12,2.23,73.98,83.66,6.61,4.0,2026-08-10 16:51:09.049592,Rawalpindi,16,10,8,0.0,31.72
1004.39,0.0,21.27,71.06,2.07,79.33,89.47,6.39,5.0,2026-08-10 17:47:34.850152,Rawalpindi,17,10,8,1.0,31.16
1063.21,0.0,22.26,61.43,1.89,82.75,92.84,5.64,5.0,2026-08-10 18:50:31.928534,Rawalpindi,18,10,8,0.0,30.61
1100.47,0.0,21.86,57.78,1.88,85.83,95.71,5.12,5.0,2026-08-10 19:52:14.015013,Rawalpindi,19,10,8,0.0,30.05
1125.77,0.0,20.62,57.41,2.03,88.69,98.28,4.78,5.0,2026-08-10 20:36:21.874117,Rawalpindi,20,10,8,0.0,30.05
1136.86,0.0,19.17,57.39,2.21,90.63,99.87,4.36,5.0,2026-08-10 21:36:40.296237,Rawalpindi,21,10,8,0.0,29.8
1149.11,0.0,17.89,54.42,2.19,92.74,101.66,3.72,5.0,2026-08-10 22:32:28.525140,Rawalpindi,22,10,8,0.0,29.53
1156.0,0.0,16.55,51.66,2.15,94.99,103.65,3.2,5.0,2026-08-10 23:30:03.220934,Rawalpindi,23,10,8,0.0,29.03
1156.96,0.0,14.88,49.3,2.18,97.6,106.07,2.77,5.0,2026-08-11 01:17:40.373828,Rawalpindi,1,11,8,0.0,28.47
984.34,0.42,8.26,86.96,3.91,79.62,85.98,0.7,5.0,2026-08-11 03:38:49.891135,Rawalpindi,3,11,8,0.0,32.13
944.31,0.59,6.97,95.81,3.43,67.3,73.07,0.55,4.0,2026-08-11 05:02:44.414296,Rawalpindi,5,11,8,-1.0,33.38
887.58,0.37,4.15,130.74,2.97,65.05,69.75,0.34,4.0,2026-08-11 06:58:19.599917,Rawalpindi,6,11,8,0.0,33.38
841.85,0.26,3.19,144.43,2.74,66.05,70.55,0.2,4.0,2026-08-11 08:10:20.882483,Rawalpindi,8,11,8,0.0,35.61
762.44,0.16,2.57,159.14,2.38,65.37,70.58,0.11,4.0,2026-08-11 09:55:58.068891,Rawalpindi,9,11,8,0.0,36.72
738.58,0.12,2.98,160.11,2.33,63.06,68.44,0.12,4.0,2026-08-11 10:46:48.932916,Rawalpindi,10,11,8,0.0,35.61
736.51,0.06,3.88,159.38,2.47,60.29,65.5,0.28,4.0,2026-08-11 11:40:29.063125,Rawalpindi,11,11,8,0.0,35.05
748.48,0.02,4.87,158.83,2.74,57.59,62.46,0.56,4.0,2026-08-11 12:52:57.706891,Rawalpindi,12,11,8,0.0,33.38
734.72,0.0,6.77,140.47,3.29,57.13,64.62,1.75,4.0,2026-08-11 14:16:47.623661,Rawalpindi,14,11,8,0.0,32.27
813.31,0.0,7.44,126.76,4.68,60.25,66.23,2.84,4.0,2026-08-11 15:56:28.374808,Rawalpindi,15,11,8,0.0,30.52
858.5,0.0,7.54,117.8,5.64,62.12,67.69,3.12,4.0,2026-08-11 16:55:23.398344,Rawalpindi,16,11,8,0.0,26.72
905.9,0.0,7.96,105.78,6.49,65.11,70.62,3.14,4.0,2026-08-11 17:54:28.659489,Rawalpindi,17,11,8,0.0,27.27
936.09,0.0,8.15,94.14,7.19,65.63,70.81,2.55,4.0,2026-08-11 18:55:50.403260,Rawalpindi,18,11,8,0.0,27.27
977.79,0.0,8.53,82.51,7.08,64.63,69.26,1.97,4.0,2026-08-11 19:58:59.925761,Rawalpindi,19,11,8,0.0,27.83
1018.32,0.0,8.92,72.11,6.53,64.49,68.6,1.54,4.0,2026-08-11 20:50:47.046915,Rawalpindi,20,11,8,0.0,27.83
1035.42,0.0,8.92,64.27,5.73,63.48,67.0,1.19,4.0,2026-08-11 21:40:57.488606,Rawalpindi,21,11,8,0.0,27.27
1046.48,0.0,8.79,59.06,4.91,62.1,65.06,0.97,4.0,2026-08-11 22:36:40.499821,Rawalpindi,22,11,8,0.0,27.27
1052.16,0.0,8.71,54.7,4.15,60.28,62.79,0.83,4.0,2026-08-11 23:35:27.392754,Rawalpindi,23,11,8,0.0,26.72
1041.4,0.0,8.59,50.39,3.54,58.75,61.0,0.77,4.0,2026-08-12 01:26:06.699117,Rawalpindi,1,12,8,0.0,27.01
964.39,0.78,7.82,71.7,2.74,66.21,69.01,0.79,4.0,2026-08-12 04:02:24.054152,Rawalpindi,4,12,8,0.0,31.53
898.05,0.44,5.31,111.68,2.43,65.97,68.89,0.84,4.0,2026-08-12 06:09:31.313610,Rawalpindi,6,12,8,0.0,34.61
783.05,0.21,2.62,138.91,1.63,52.28,54.76,0.5,4.0,2026-08-12 08:12:46.485649,Rawalpindi,8,12,8,0.0,35.71
748.52,0.17,2.19,149.91,1.26,51.78,54.65,0.57,4.0,2026-08-12 09:57:20.125504,Rawalpindi,9,12,8,0.0,36.47
727.3,0.15,2.32,150.75,1.15,50.37,53.76,0.65,4.0,2026-08-12 10:59:58.638688,Rawalpindi,10,12,8,0.0,36.24
717.33,0.12,2.8,150.88,1.12,49.35,53.36,0.74,4.0,2026-08-12 11:53:07.383779,Rawalpindi,11,12,8,0.0,35.26
784.47,0.14,8.45,130.04,1.23,50.91,55.73,2.13,4.0,2026-08-12 12:57:30.388947,Rawalpindi,12,12,8,0.0,34.94
943.88,0.0,16.52,95.46,1.67,57.52,65.25,4.78,4.0,2026-08-12 14:20:46.777023,Rawalpindi,14,12,8,0.0,33.65
1114.18,0.0,23.52,63.11,1.94,65.52,75.96,8.53,4.0,2026-08-12 15:55:13.238979,Rawalpindi,15,12,8,0.0,29.25
1180.82,0.0,25.92,56.91,2.37,68.81,80.44,11.44,4.0,2026-08-12 16:53:21.906059,Rawalpindi,16,12,8,0.0,30.94
1239.62,0.0,28.31,51.66,2.68,71.72,84.25,13.88,4.0,2026-08-12 17:54:37.914726,Rawalpindi,17,12,8,0.0,30.5
1278.43,0.0,29.91,47.18,2.79,75.9,88.92,15.16,5.0,2026-08-12 18:55:54.792066,Rawalpindi,18,12,8,1.0,28.38
1313.19,0.0,30.62,42.69,2.84,81.92,95.56,15.99,5.0,2026-08-12 19:59:45.120378,Rawalpindi,19,12,8,0.0,28.38
1344.01,0.0,31.17,37.65,2.88,86.72,101.08,16.85,5.0,2026-08-12 20:52:19.253361,Rawalpindi,20,12,8,0.0,27.83
1361.57,0.0,30.23,31.63,2.51,87.66,102.58,15.1,5.0,2026-08-12 21:40:29.249587,Rawalpindi,21,12,8,0.0,27.83
1377.9,0.01,28.85,27.0,1.88,83.73,98.82,10.68,5.0,2026-08-12 22:35:29.988531,Rawalpindi,22,12,8,0.0,27.83
1392.91,0.02,27.9,25.36,1.54,80.79,95.48,7.4,5.0,2026-08-12 23:36:03.838970,Rawalpindi,23,12,8,0.0,27.83
1298.1,0.0,20.85,39.02,1.63,75.03,88.02,5.42,5.0,2026-08-13 01:27:54.513340,Rawalpindi,1,13,8,0.0,27.27
992.38,0.97,8.57,104.32,2.85,62.89,74.27,2.67,4.0,2026-08-13 04:06:52.649417,Rawalpindi,4,13,8,-1.0,32.83
914.85,0.34,4.16,157.35,3.02,75.77,86.35,2.29,5.0,2026-08-13 06:12:59.718110,Rawalpindi,6,13,8,1.0,33.38
710.04,0.14,1.52,154.14,1.59,58.31,70.47,0.98,4.0,2026-08-13 08:16:22.517482,Rawalpindi,8,13,8,-1.0,35.05
670.8,0.13,1.61,154.9,1.26,58.01,72.44,1.11,4.0,2026-08-13 09:59:01.066965,Rawalpindi,9,13,8,0.0,35.61
671.57,0.13,1.89,155.48,1.19,59.35,75.07,1.24,4.0,2026-08-13 11:03:04.361784,Rawalpindi,11,13,8,0.0,36.16
711.1,0.08,5.36,144.76,1.19,61.59,79.28,2.14,4.0,2026-08-13 12:58:16.622598,Rawalpindi,12,13,8,0.0,35.05
771.64,0.01,8.96,129.57,1.29,65.02,83.43,3.3,4.0,2026-08-13 14:22:55.972063,Rawalpindi,14,13,8,0.0,33.94
921.15,0.0,21.03,76.38,1.64,53.48,70.56,6.92,4.0,2026-08-13 15:54:44.212386,Rawalpindi,15,13,8,0.0,33.38
998.54,0.0,22.22,69.29,1.67,58.32,76.04,7.73,4.0,2026-08-13 16:52:09.801185,Rawalpindi,16,13,8,0.0,32.27
1042.37,0.0,22.58,63.53,1.59,61.01,79.7,7.74,4.0,2026-08-13 17:54:10.848162,Rawalpindi,17,13,8,0.0,31.72
1018.15,0.0,21.01,60.14,1.44,60.21,79.61,6.8,4.0,2026-08-13 18:57:05.986076,Rawalpindi,18,13,8,0.0,31.16
946.9,0.0,17.65,59.79,1.38,57.89,78.45,5.84,4.0,2026-08-13 19:55:06.461601,Rawalpindi,19,13,8,0.0,30.61
844.79,0.0,13.61,62.23,1.49,54.87,77.96,5.07,4.0,2026-08-13 20:37:15.485252,Rawalpindi,20,13,8,0.0,30.61
765.62,0.0,11.81,59.65,1.61,53.21,79.22,4.56,4.0,2026-08-13 21:39:52.778512,Rawalpindi,21,13,8,0.0,30.05
766.97,0.0,13.21,49.54,1.52,54.62,81.58,4.55,4.0,2026-08-13 22:35:49.823845,Rawalpindi,22,13,8,0.0,30.05
814.46,0.0,15.84,39.91,1.49,57.66,84.47,5.08,4.0,2026-08-13 23:36:01.464183,Rawalpindi,23,13,8,0.0,30.05
890.97,0.01,18.24,31.39,1.46,61.34,86.31,5.09,4.0,2026-08-14 01:26:52.216675,Rawalpindi,1,14,8,0.0,28.94
986.24,2.14,12.11,57.87,2.37,65.6,85.41,3.09,4.0,2026-08-14 04:02:41.367035,Rawalpindi,4,14,8,0.0,32.45
895.55,0.76,5.8,119.57,2.37,79.25,96.68,2.44,5.0,2026-08-14 06:09:50.807240,Rawalpindi,6,14,8,1.0,34.99
530.72,0.14,1.31,135.02,1.41,44.33,58.59,0.83,3.0,2026-08-14 08:11:10.653406,Rawalpindi,8,14,8,-2.0,36.0
546.62,0.34,3.16,135.18,1.25,45.22,58.02,1.51,3.0,2026-08-14 09:55:39.004927,Rawalpindi,9,14,8,0.0,33.94
612.21,0.67,6.65,131.76,1.37,49.27,62.1,2.6,3.0,2026-08-14 10:54:21.199786,Rawalpindi,10,14,8,0.0,32.83
687.52,0.87,11.59,125.94,1.55,52.43,65.45,3.63,4.0,2026-08-14 11:40:51.794690,Rawalpindi,11,14,8,1.0,32.83
780.47,0.54,18.72,116.82,1.86,55.84,69.37,5.21,4.0,2026-08-14 12:55:08.777422,Rawalpindi,12,14,8,0.0,31.16
732.22,0.01,9.12,135.17,2.57,83.77,93.76,1.84,5.0,2026-08-14 14:13:26.212315,Rawalpindi,14,14,8,1.0,29.49
839.71,0.0,8.23,133.73,2.71,99.51,107.03,1.9,5.0,2026-08-14 15:45:37.765240,Rawalpindi,15,14,8,0.0,28.38
874.02,0.0,7.44,134.56,2.9,105.52,112.12,1.79,5.0,2026-08-14 16:49:13.122308,Rawalpindi,16,14,8,0.0,27.83
885.51,0.0,6.87,134.39,3.1,107.86,114.06,1.64,5.0,2026-08-14 17:48:23.544437,Rawalpindi,17,14,8,0.0,27.83
908.63,0.0,7.64,124.94,2.96,109.82,115.88,1.74,5.0,2026-08-14 18:46:09.630149,Rawalpindi,18,14,8,0.0,27.83
951.61,0.0,8.64,109.78,2.7,113.53,119.39,2.18,5.0,2026-08-14 19:44:08.539508,Rawalpindi,19,14,8,0.0,27.83
951.61,0.0,8.64,109.78,2.7,113.53,119.39,2.18,5.0,2026-08-14 20:25:53.476025,Rawalpindi,20,14,8,0.0,27.83
985.32,0.0,8.91,99.62,2.83,116.66,122.18,2.79,5.0,2026-08-14 21:20:30.522140,Rawalpindi,21,14,8,0.0,27.83
993.48,0.0,8.72,92.49,2.78,118.06,123.18,2.85,5.0,2026-08-14 22:17:34.234220,Rawalpindi,22,14,8,0.0,27.83
988.86,0.0,7.93,88.72,2.46,115.35,120.13,2.16,5.0,2026-08-14 23:17:00.223780,Rawalpindi,23,14,8,0.0,27.27
902.56,0.0,4.33,112.92,3.16,104.67,108.7,0.58,5.0,2026-08-15 00:57:23.364344,Rawalpindi,0,15,8,0.0,26.16
927.75,0.02,4.77,108.27,3.0,104.53,108.5,0.68,5.0,2026-08-15 02:13:28.710827,Rawalpindi,2,15,8,0.0,27.27
925.26,0.26,5.08,115.22,2.66,90.12,94.1,0.64,5.0,2026-08-15 03:34:27.195406,Rawalpindi,3,15,8,0.0,30.05
925.26,0.26,5.08,115.22,2.66,90.12,94.1,0.64,5.0,2026-08-15 04:24:21.368709,Rawalpindi,4,15,8,0.0,31.16
878.29,0.18,4.43,126.96,2.64,79.26,83.26,0.41,5.0,2026-08-15 05:20:27.601685,Rawalpindi,5,15,8,0.0,33.38
864.53,0.09,4.4,129.7,2.64,76.56,80.72,0.46,5.0,2026-08-15 06:29:22.179495,Rawalpindi,6,15,8,0.0,33.38
773.92,0.1,3.82,131.12,2.34,63.68,69.11,0.39,4.0,2026-08-15 07:26:11.717656,Rawalpindi,7,15,8,-1.0,33.94
687.94,0.18,2.84,133.98,2.06,55.12,62.48,0.38,4.0,2026-08-15 08:21:54.665679,Rawalpindi,8,15,8,0.0,34.49
645.76,0.19,2.2,139.52,1.93,55.05,64.29,0.42,4.0,2026-08-15 09:20:56.978032,Rawalpindi,9,15,8,0.0,35.61
559.91,0.17,1.76,139.17,1.77,54.36,69.99,0.35,4.0,2026-08-15 10:17:33.824325,Rawalpindi,10,15,8,0.0,35.61
488.13,0.15,1.74,134.54,1.7,53.97,75.69,0.31,4.0,2026-08-15 11:15:32.797390,Rawalpindi,11,15,8,0.0,35.61
459.23,0.13,2.12,131.78,1.69,54.37,79.21,0.37,4.0,2026-08-15 12:27:33.330308,Rawalpindi,12,15,8,0.0,33.94
421.1,0.14,6.55,108.54,2.2,63.28,100.52,1.54,4.0,2026-08-15 13:26:13.418351,Rawalpindi,13,15,8,0.0,32.75
515.33,0.02,12.98,85.0,2.08,66.31,102.64,3.49,4.0,2026-08-15 14:17:02.970926,Rawalpindi,14,15,8,0.0,31.16
594.45,0.0,16.99,69.23,2.04,69.46,105.57,5.1,4.0,2026-08-15 15:15:11.653383,Rawalpindi,15,15,8,0.0,30.61
657.4,0.0,19.48,58.98,2.04,72.21,107.99,6.23,4.0,2026-08-15 16:18:16.670755,Rawalpindi,16,15,8,0.0,30.61
713.67,0.0,20.89,52.1,1.96,75.03,111.1,6.37,5.0,2026-08-15 17:16:28.603487,Rawalpindi,17,15,8,1.0,30.05
754.8,0.0,21.88,46.97,1.84,76.63,113.5,5.84,5.0,2026-08-15 18:20:58.491627,Rawalpindi,18,15,8,0.0,30.05
764.92,0.01,22.06,42.04,1.67,75.9,112.57,5.1,5.0,2026-08-15 19:18:29.757347,Rawalpindi,19,15,8,0.0,29.49
765.93,0.01,21.38,36.97,1.53,74.68,110.2,4.54,4.0,2026-08-15 20:16:44.355938,Rawalpindi,20,15,8,-1.0,28.94
764.6,0.0,20.19,33.62,1.51,73.58,107.51,4.04,4.0,2026-08-15 21:16:23.121094,Rawalpindi,21,15,8,0.0,28.94
746.68,0.0,18.09,34.31,1.72,72.0,103.96,3.57,4.0,2026-08-15 22:15:23.040069,Rawalpindi,22,15,8,0.0,25.61
746.3,0.0,16.96,34.28,1.77,71.98,102.0,3.06,4.0,2026-08-15 23:15:40.366550,Rawalpindi,23,15,8,0.0,27.4
724.58,0.0,13.52,38.27,1.76,70.09,96.72,2.28,4.0,2026-08-16 01:00:16.323636,Rawalpindi,1,16,8,0.0,25.05
705.09,0.22,12.0,41.89,1.69,67.59,91.91,2.28,4.0,2026-08-16 02:23:18.116616,Rawalpindi,2,16,8,0.0,27.27
525.28,0.83,5.71,79.53,2.45,56.59,85.32,1.8,4.0,2026-08-16 03:43:23.074883,Rawalpindi,3,16,8,0.0,30.05
493.58,0.56,3.84,99.82,2.61,60.75,90.63,1.83,4.0,2026-08-16 04:30:28.665364,Rawalpindi,4,16,8,0.0,29.49
493.58,0.56,3.84,99.82,2.61,60.75,90.63,1.83,4.0,2026-08-16 05:22:49.627730,Rawalpindi,5,16,8,0.0,32.83
335.54,0.19,1.38,115.47,3.48,61.07,112.21,0.71,4.0,2026-08-16 06:31:24.116474,Rawalpindi,6,16,8,0.0,33.38
335.54,0.19,1.38,115.47,3.48,61.07,112.21,0.71,4.0,2026-08-16 07:26:38.788983,Rawalpindi,7,16,8,0.0,33.94
273.48,0.15,1.07,111.95,3.33,57.32,115.15,0.26,4.0,2026-08-16 08:22:29.665481,Rawalpindi,8,16,8,0.0,35.61
256.7,0.14,1.06,112.7,3.04,56.48,114.86,0.24,4.0,2026-08-16 09:22:32.177304,Rawalpindi,9,16,8,0.0,35.61
247.54,0.14,1.18,114.13,2.85,55.59,115.04,0.32,4.0,2026-08-16 10:17:55.963554,Rawalpindi,10,16,8,0.0,36.34
244.44,0.14,1.54,113.99,2.75,54.79,114.8,0.52,4.0,2026-08-16 11:16:15.801846,Rawalpindi,11,16,8,0.0,36.35
245.28,0.13,2.23,112.44,2.69,53.57,113.56,0.77,4.0,2026-08-16 12:29:29.788861,Rawalpindi,12,16,8,0.0,36.08
270.7,0.09,4.41,106.44,2.66,53.73,113.26,1.5,4.0,2026-08-16 13:26:52.373612,Rawalpindi,13,16,8,0.0,34.43
313.52,0.01,7.1,96.77,2.6,55.45,113.85,2.54,4.0,2026-08-16 14:17:36.335892,Rawalpindi,14,16,8,0.0,30.61
350.84,0.0,8.57,89.01,2.53,57.42,114.75,3.38,4.0,2026-08-16 15:16:24.091853,Rawalpindi,15,16,8,0.0,30.61
383.38,0.0,9.4,81.94,2.46,59.44,114.97,4.01,4.0,2026-08-16 16:18:26.569461,Rawalpindi,16,16,8,0.0,30.05
417.21,0.0,10.1,75.5,2.41,61.74,116.32,4.33,4.0,2026-08-16 17:15:49.475148,Rawalpindi,17,16,8,0.0,30.05
443.18,0.0,10.7,69.17,2.33,63.17,117.32,4.26,4.0,2026-08-16 18:20:45.073369,Rawalpindi,18,16,8,0.0,29.49
457.26,0.0,11.11,62.27,2.15,63.21,116.17,3.91,4.0,2026-08-16 19:18:18.944914,Rawalpindi,19,16,8,0.0,29.49
473.74,0.0,11.41,55.67,1.96,63.66,114.79,3.56,4.0,2026-08-16 20:16:33.068976,Rawalpindi,20,16,8,0.0,29.49
497.94,0.0,11.35,50.34,1.88,65.02,113.14,3.19,4.0,2026-08-16 21:15:16.490475,Rawalpindi,21,16,8,0.0,27.92
530.78,0.0,11.17,46.1,1.91,67.6,111.64,2.82,4.0,2026-08-16 22:15:27.976812,Rawalpindi,22,16,8,0.0,25.82
573.01,0.0,11.22,42.22,1.98,71.1,110.49,2.42,4.0,2026-08-16 23:14:53.718041,Rawalpindi,23,16,8,0.0,27.34
616.71,0.0,9.44,45.55,2.86,74.21,109.17,1.84,4.0,2026-08-17 00:58:35.065177,Rawalpindi,0,17,8,0.0,27.62
639.83,0.09,9.31,47.19,3.26,74.79,107.15,1.82,4.0,2026-08-17 02:20:49.995907,Rawalpindi,2,17,8,0.0,27.94
578.47,0.81,7.84,60.9,4.56,68.1,106.81,1.77,4.0,2026-08-17 03:44:46.194678,Rawalpindi,3,17,8,0.0,29.71
528.78,0.73,6.44,74.46,4.97,66.02,108.78,1.83,4.0,2026-08-17 04:36:04.143509,Rawalpindi,4,17,8,0.0,32.26
496.14,0.5,5.04,90.0,4.97,69.1,113.75,1.92,4.0,2026-08-17 05:30:49.541481,Rawalpindi,5,17,8,0.0,33.56
394.89,0.31,3.19,97.38,4.31,63.29,115.91,1.52,4.0,2026-08-17 06:43:00.314134,Rawalpindi,6,17,8,0.0,33.73
324.89,0.24,2.13,102.01,3.71,60.32,117.91,1.12,4.0,2026-08-17 07:47:51.957590,Rawalpindi,7,17,8,0.0,35.24
299.14,0.21,1.77,108.24,3.35,61.18,120.44,0.99,4.0,2026-08-17 08:37:07.674948,Rawalpindi,8,17,8,0.0,35.42
282.79,0.18,1.67,114.42,3.1,62.0,123.86,0.9,4.0,2026-08-17 09:35:41.864442,Rawalpindi,9,17,8,0.0,31.0
282.79,0.18,1.67,114.42,3.1,62.0,123.86,0.9,4.0,2026-08-17 10:27:18.232875,Rawalpindi,10,17,8,0.0,31.09
273.59,0.17,1.95,116.83,2.94,61.65,124.13,0.94,4.0,2026-08-17 11:20:34.397059,Rawalpindi,11,17,8,0.0,30.49
294.49,0.08,4.23,116.97,3.0,61.49,121.48,1.54,4.0,2026-08-17 12:33:42.822549,Rawalpindi,12,17,8,0.0,31.41
338.21,0.01,8.13,96.16,1.83,48.0,82.63,2.59,3.0,2026-08-17 13:35:27.368361,Rawalpindi,13,17,8,-1.0,30.72
338.21,0.01,8.13,96.16,1.83,48.0,82.63,2.59,3.0,2026-08-17 14:22:09.784769,Rawalpindi,14,17,8,0.0,30.64
398.1,0.0,10.13,89.58,1.9,52.28,84.78,3.46,4.0,2026-08-17 15:20:12.299276,Rawalpindi,15,17,8,1.0,30.23
453.98,0.0,11.2,84.01,1.96,56.84,87.1,3.83,4.0,2026-08-17 16:21:21.324614,Rawalpindi,16,17,8,0.0,30.22
499.93,0.0,11.57,79.88,2.03,60.61,89.51,3.68,4.0,2026-08-17 17:21:32.367977,Rawalpindi,17,17,8,0.0,30.08
536.92,0.0,11.27,71.18,2.24,60.94,89.62,2.8,4.0,2026-08-17 18:31:29.853581,Rawalpindi,18,17,8,0.0,30.26
536.92,0.0,11.27,71.18,2.24,60.94,89.62,2.8,4.0,2026-08-17 19:23:56.515055,Rawalpindi,19,17,8,0.0,29.87
545.72,0.0,10.82,66.32,2.38,59.74,87.68,2.31,4.0,2026-08-17 20:20:55.328086,Rawalpindi,20,17,8,0.0,30.28
546.47,0.0,10.04,62.38,2.59,58.42,83.94,1.83,4.0,2026-08-17 21:20:53.494251,Rawalpindi,21,17,8,0.0,27.27
530.34,0.0,8.91,60.12,2.77,56.45,78.78,1.47,4.0,2026-08-17 22:19:14.099024,Rawalpindi,22,17,8,0.0,26.67
515.52,0.0,8.05,58.68,2.88,55.39,74.68,1.3,4.0,2026-08-17 23:18:10.131673,Rawalpindi,23,17,8,0.0,28.29
486.94,0.0,7.1,57.18,3.19,54.24,67.65,1.07,4.0,2026-08-18 00:56:18.897361,Rawalpindi,0,18,8,0.0,27.49
482.57,0.08,7.26,56.96,3.39,54.03,65.37,1.07,4.0,2026-08-18 02:13:58.033985,Rawalpindi,2,18,8,0.0,28.32
430.49,0.68,5.6,76.05,3.74,51.51,64.23,0.69,4.0,2026-08-18 03:39:45.804169,Rawalpindi,3,18,8,0.0,30.72
394.07,0.5,4.01,93.95,3.55,51.42,65.18,0.58,4.0,2026-08-18 04:30:16.874210,Rawalpindi,4,18,8,0.0,31.79
394.07,0.5,4.01,93.95,3.55,51.42,65.18,0.58,4.0,2026-08-18 05:23:35.255156,Rawalpindi,5,18,8,0.0,31.69
319.01,0.21,1.84,114.57,2.94,52.6,82.65,0.53,4.0,2026-08-18 06:34:28.761934,Rawalpindi,6,18,8,0.0,33.81
275.55,0.17,1.44,113.54,2.67,50.83,91.45,0.41,4.0,2026-08-18 07:33:40.621753,Rawalpindi,7,18,8,0.0,34.86
275.55,0.17,1.44,113.54,2.67,50.83,91.45,0.41,4.0,2026-08-18 08:29:39.989879,Rawalpindi,8,18,8,0.0,34.78
265.82,0.16,1.41,115.91,2.53,52.11,95.33,0.39,4.0,2026-08-18 09:27:02.997161,Rawalpindi,9,18,8,0.0,35.58
305.03,0.4,3.55,113.15,2.38,55.79,99.21,1.25,4.0,2026-08-18 10:22:40.213734,Rawalpindi,10,18,8,0.0,36.02
385.27,0.74,7.71,105.69,2.29,60.52,103.0,2.55,4.0,2026-08-18 11:20:56.700633,Rawalpindi,11,18,8,0.0,36.24
559.75,0.41,20.08,90.98,2.81,67.0,109.09,5.52,4.0,2026-08-18 12:35:04.066283,Rawalpindi,12,18,8,0.0,31.16
593.85,0.03,20.57,84.27,2.73,69.58,110.81,5.45,4.0,2026-08-18 13:38:29.523624,Rawalpindi,13,18,8,0.0,30.05
284.18,0.0,5.41,108.37,2.54,52.63,108.72,1.96,4.0,2026-08-18 14:27:50.619336,Rawalpindi,14,18,8,0.0,29.49
314.62,0.0,6.57,105.99,2.83,54.39,109.88,2.6,4.0,2026-08-18 15:26:14.055752,Rawalpindi,15,18,8,0.0,28.94
346.24,0.0,7.44,100.68,3.17,55.47,109.99,3.19,4.0,2026-08-18 16:24:54.444962,Rawalpindi,16,18,8,0.0,28.38
373.19,0.0,7.95,94.72,3.68,55.72,109.45,3.61,4.0,2026-08-18 17:21:33.656369,Rawalpindi,17,18,8,0.0,28.38
391.12,0.0,7.55,84.74,4.98,55.19,103.33,3.3,4.0,2026-08-18 18:30:58.413235,Rawalpindi,18,18,8,0.0,27.83
391.12,0.0,7.55,84.74,4.98,55.19,103.33,3.3,4.0,2026-08-18 19:23:37.613207,Rawalpindi,19,18,8,0.0,27.83
438.85,0.0,7.78,79.17,5.32,58.96,98.25,2.96,4.0,2026-08-18 20:17:43.456786,Rawalpindi,20,18,8,0.0,27.27
495.92,0.0,7.64,76.08,5.63,64.59,93.57,2.33,4.0,2026-08-18 21:18:41.973727,Rawalpindi,21,18,8,0.0,27.27
537.92,0.0,7.04,75.4,5.67,69.5,89.51,1.69,4.0,2026-08-18 22:17:48.769490,Rawalpindi,22,18,8,0.0,26.16
560.65,0.0,6.31,77.29,5.56,72.8,87.03,1.27,4.0,2026-08-18 23:17:28.578028,Rawalpindi,23,18,8,0.0,28.24
534.6,0.0,4.93,81.82,4.78,68.19,77.16,0.79,4.0,2026-08-19 00:57:15.740814,Rawalpindi,0,19,8,0.0,28.01
512.25,0.02,4.97,83.2,4.17,60.8,68.01,0.82,4.0,2026-08-19 02:17:53.178002,Rawalpindi,2,19,8,0.0,28.46
465.97,0.27,5.43,87.89,3.01,42.71,48.35,0.83,3.0,2026-08-19 03:42:11.552597,Rawalpindi,3,19,8,-1.0,29.92
443.32,0.28,5.18,91.24,2.71,37.71,43.46,0.94,3.0,2026-08-19 04:31:53.343822,Rawalpindi,4,19,8,0.0,30.57
443.32,0.28,5.18,91.24,2.71,37.71,43.46,0.94,3.0,2026-08-19 05:24:47.341433,Rawalpindi,5,19,8,0.0,30.59
346.42,0.19,3.73,92.43,2.22,31.43,50.86,0.84,3.0,2026-08-19 06:35:19.018827,Rawalpindi,6,19,8,0.0,33.25
297.92,0.25,2.68,93.98,1.99,30.85,58.91,0.72,3.0,2026-08-19 07:34:06.527897,Rawalpindi,7,19,8,0.0,33.74
284.29,0.24,2.11,100.63,1.86,33.19,63.07,0.7,3.0,2026-08-19 08:31:12.462180,Rawalpindi,8,19,8,0.0,34.63
284.29,0.24,2.11,100.63,1.86,33.19,63.07,0.7,3.0,2026-08-19 09:28:07.058756,Rawalpindi,9,19,8,0.0,34.52
280.65,0.21,1.91,108.78,1.82,36.77,68.77,0.7,3.0,2026-08-19 10:22:57.267894,Rawalpindi,10,19,8,0.0,35.03
286.61,0.2,2.17,114.61,1.89,40.44,72.89,0.79,3.0,2026-08-19 11:20:22.938479,Rawalpindi,11,19,8,0.0,34.94
319.18,0.07,4.0,119.07,2.28,46.22,77.19,1.12,3.0,2026-08-19 12:36:28.137156,Rawalpindi,12,19,8,0.0,33.67
316.76,0.0,4.57,98.68,2.1,35.72,57.75,1.07,3.0,2026-08-19 13:39:37.606490,Rawalpindi,13,19,8,0.0,31.73
316.76,0.0,4.57,98.68,2.1,35.72,57.75,1.07,3.0,2026-08-19 14:27:51.057493,Rawalpindi,14,19,8,0.0,31.53
318.17,0.0,4.62,96.84,2.4,36.39,60.2,1.21,3.0,2026-08-19 15:25:54.927328,Rawalpindi,15,19,8,0.0,30.64
340.92,0.0,5.32,91.46,3.02,38.48,61.84,1.5,3.0,2026-08-19 16:25:25.640737,Rawalpindi,16,19,8,0.0,30.01
391.18,0.0,6.7,83.68,3.94,42.6,62.99,1.85,3.0,2026-08-19 17:22:07.338972,Rawalpindi,17,19,8,0.0,29.72
438.95,0.0,7.88,76.01,4.85,47.02,64.84,1.94,3.0,2026-08-19 18:26:54.324627,Rawalpindi,18,19,8,0.0,29.71
480.98,0.0,8.76,68.11,5.96,50.96,65.76,1.72,4.0,2026-08-19 19:21:05.158766,Rawalpindi,19,19,8,1.0,26.93
521.3,0.0,9.23,61.35,6.88,54.86,66.23,1.33,4.0,2026-08-19 20:21:03.835256,Rawalpindi,20,19,8,0.0,26.6
553.03,0.0,9.22,56.07,7.21,58.07,66.44,0.96,4.0,2026-08-19 21:20:31.669028,Rawalpindi,21,19,8,0.0,26.55
561.48,0.0,8.65,52.83,6.37,59.77,66.1,0.72,4.0,2026-08-19 22:19:18.728443,Rawalpindi,22,19,8,0.0,25.95
558.01,0.0,7.91,52.38,5.48,60.37,65.38,0.59,4.0,2026-08-19 23:18:28.637146,Rawalpindi,23,19,8,0.0,24.97
507.24,0.0,6.28,55.84,3.64,54.49,57.92,0.45,4.0,2026-08-20 00:57:09.391029,Rawalpindi,0,20,8,0.0,26.82
478.61,0.03,6.05,57.83,3.0,49.37,52.73,0.52,3.0,2026-08-20 02:16:35.023470,Rawalpindi,2,20,8,-1.0,26.86
434.93,0.46,5.92,66.05,2.24,40.79,44.4,0.68,3.0,2026-08-20 03:41:56.661465,Rawalpindi,3,20,8,0.0,29.12
415.54,0.41,5.41,72.99,2.07,38.7,42.33,0.77,3.0,2026-08-20 04:32:03.563480,Rawalpindi,4,20,8,0.0,30.58
415.54,0.41,5.41,72.99,2.07,38.7,42.33,0.77,3.0,2026-08-20 05:25:53.592484,Rawalpindi,5,20,8,0.0,30.58
358.66,0.14,4.35,84.05,1.86,35.22,41.24,0.7,3.0,2026-08-20 06:37:14.635186,Rawalpindi,6,20,8,0.0,33.11
331.18,0.13,4.01,85.68,1.73,33.32,41.65,0.68,3.0,2026-08-20 07:36:58.286683,Rawalpindi,7,20,8,0.0,33.93
331.18,0.13,4.01,85.68,1.73,33.32,41.65,0.68,3.0,2026-08-20 08:31:56.370103,Rawalpindi,8,20,8,0.0,34.75
325.87,0.16,3.99,86.66,1.66,32.67,42.38,0.74,3.0,2026-08-20 09:28:53.462125,Rawalpindi,9,20,8,0.0,34.65
323.14,0.2,3.92,88.85,1.62,32.7,44.75,0.8,3.0,2026-08-20 10:24:11.156588,Rawalpindi,10,20,8,0.0,34.83
322.63,0.23,3.94,90.37,1.61,33.3,47.6,0.89,3.0,2026-08-20 11:21:31.668514,Rawalpindi,11,20,8,0.0,34.46
342.09,0.12,5.93,85.61,1.58,33.14,47.82,1.39,3.0,2026-08-20 12:37:31.652689,Rawalpindi,12,20,8,0.0,32.33
366.24,0.01,7.84,76.9,1.53,31.79,44.21,1.99,3.0,2026-08-20 13:41:49.741796,Rawalpindi,13,20,8,0.0,27.83
381.44,0.0,8.59,70.82,1.49,30.73,41.65,2.35,3.0,2026-08-20 14:31:25.696138,Rawalpindi,14,20,8,0.0,29.68
435.48,0.0,8.79,82.81,1.72,37.49,42.47,2.06,3.0,2026-08-20 15:28:15.262373,Rawalpindi,15,20,8,0.0,29.48
462.54,0.0,9.66,76.5,1.63,38.07,43.35,2.42,3.0,2026-08-20 16:29:01.838237,Rawalpindi,16,20,8,0.0,26.72
506.96,0.0,11.31,67.62,1.53,39.58,45.37,2.78,3.0,2026-08-20 17:23:48.453789,Rawalpindi,17,20,8,0.0,26.72
565.63,0.0,13.28,54.36,1.38,42.12,48.36,2.69,3.0,2026-08-20 18:31:42.817234,Rawalpindi,18,20,8,0.0,26.16
565.63,0.0,13.28,54.36,1.38,42.12,48.36,2.69,3.0,2026-08-20 19:26:50.594902,Rawalpindi,19,20,8,0.0,25.61
573.02,0.0,12.65,52.08,1.37,43.08,49.15,2.43,3.0,2026-08-20 20:22:21.980211,Rawalpindi,20,20,8,0.0,25.61
571.32,0.0,11.26,52.79,1.48,43.74,49.61,2.15,3.0,2026-08-20 21:23:01.221403,Rawalpindi,21,20,8,0.0,25.61
551.56,0.0,9.45,56.2,1.72,43.67,49.36,1.8,3.0,2026-08-20 22:21:38.377104,Rawalpindi,22,20,8,0.0,25.61
538.02,0.0,8.55,57.5,1.87,43.85,49.48,1.59,3.0,2026-08-20 23:20:53.407340,Rawalpindi,23,20,8,0.0,25.05
516.39,0.0,7.74,57.87,2.11,44.57,50.42,1.23,3.0,2026-08-21 01:00:55.701342,Rawalpindi,1,21,8,0.0,23.94
525.28,0.58,8.66,59.19,2.44,45.03,52.58,1.35,3.0,2026-08-21 02:57:53.228962,Rawalpindi,2,21,8,0.0,28.28
465.91,0.79,7.04,79.97,2.87,45.65,55.86,0.73,3.0,2026-08-21 03:50:58.934169,Rawalpindi,3,21,8,0.0,29.89
442.65,0.67,5.57,96.66,2.96,49.28,61.09,0.74,3.0,2026-08-21 04:32:35.209825,Rawalpindi,4,21,8,0.0,31.09
442.65,0.67,5.57,96.66,2.96,49.28,61.09,0.74,3.0,2026-08-21 05:27:31.609065,Rawalpindi,5,21,8,0.0,31.08
343.09,0.22,2.25,123.66,3.37,55.67,87.28,0.32,4.0,2026-08-21 06:37:04.047221,Rawalpindi,6,21,8,1.0,32.24
304.56,0.17,1.64,126.81,3.3,56.07,97.37,0.23,4.0,2026-08-21 07:38:19.370308,Rawalpindi,7,21,8,0.0,34.81
297.54,0.16,1.55,130.51,3.22,58.4,103.1,0.24,4.0,2026-08-21 08:34:09.949478,Rawalpindi,8,21,8,0.0,35.62
281.55,0.15,1.48,130.19,3.14,59.69,114.81,0.14,4.0,2026-08-21 09:31:30.273718,Rawalpindi,9,21,8,0.0,35.77
281.55,0.15,1.48,130.19,3.14,59.69,114.81,0.14,4.0,2026-08-21 10:24:27.837676,Rawalpindi,10,21,8,0.0,35.7
274.15,0.13,1.69,129.27,3.04,60.73,122.05,0.11,4.0,2026-08-21 11:20:46.096443,Rawalpindi,11,21,8,0.0,36.15
318.84,0.06,4.65,127.29,3.18,65.71,127.34,0.83,4.0,2026-08-21 12:36:32.146626,Rawalpindi,12,21,8,0.0,31.16
366.47,0.01,8.18,108.11,3.15,67.31,127.29,1.99,4.0,2026-08-21 13:40:50.659304,Rawalpindi,13,21,8,0.0,30.05
366.47,0.01,8.18,108.11,3.15,67.31,127.29,1.99,4.0,2026-08-21 14:29:23.619253,Rawalpindi,14,21,8,0.0,29.49
417.64,0.0,10.18,100.23,3.19,70.97,130.94,2.94,4.0,2026-08-21 15:27:30.508678,Rawalpindi,15,21,8,0.0,29.49
474.64,0.0,11.54,92.74,3.25,75.06,134.6,3.82,5.0,2026-08-21 16:27:00.584054,Rawalpindi,16,21,8,1.0,28.94
538.5,0.0,12.2,87.21,3.43,80.7,139.88,4.32,5.0,2026-08-21 17:23:20.432956,Rawalpindi,17,21,8,0.0,28.38
593.93,0.0,12.35,83.37,3.69,86.87,145.23,4.27,5.0,2026-08-21 18:29:18.066043,Rawalpindi,18,21,8,0.0,28.38
633.71,0.0,11.93,79.93,3.93,92.09,148.08,3.84,5.0,2026-08-21 19:22:09.784550,Rawalpindi,19,21,8,0.0,27.83
661.75,0.0,10.88,77.9,4.35,97.05,148.48,3.27,5.0,2026-08-21 20:19:56.641203,Rawalpindi,20,21,8,0.0,27.83
663.73,0.0,9.27,78.66,5.05,100.29,145.77,2.55,5.0,2026-08-21 21:19:03.496607,Rawalpindi,21,21,8,0.0,26.72
646.42,0.0,7.92,79.34,5.39,101.33,139.84,1.92,5.0,2026-08-21 22:18:57.812565,Rawalpindi,22,21,8,0.0,26.16
649.07,0.0,7.54,76.69,4.98,103.34,134.73,1.62,5.0,2026-08-21 23:18:43.008979,Rawalpindi,23,21,8,0.0,25.05
618.72,0.0,6.99,72.67,4.05,101.78,123.0,1.34,5.0,2026-08-22 00:56:57.017529,Rawalpindi,0,22,8,0.0,24.49
593.4,0.05,7.05,71.63,3.78,98.24,116.26,1.4,5.0,2026-08-22 02:14:45.280763,Rawalpindi,2,22,8,0.0,25.05
444.36,0.48,4.53,94.57,3.75,78.21,99.0,0.7,5.0,2026-08-22 03:37:25.427666,Rawalpindi,3,22,8,0.0,27.83
444.36,0.48,4.53,94.57,3.75,78.21,99.0,0.7,5.0,2026-08-22 04:27:18.071005,Rawalpindi,4,22,8,0.0,29.49
420.75,0.44,3.42,104.06,3.42,74.99,97.72,0.78,4.0,2026-08-22 05:22:10.514609,Rawalpindi,5,22,8,-1.0,31.16
355.17,0.21,1.71,118.2,3.51,72.18,114.6,0.52,4.0,2026-08-22 06:31:24.702315,Rawalpindi,6,22,8,0.0,32.83
355.17,0.21,1.71,118.2,3.51,72.18,114.6,0.52,4.0,2026-08-22 07:27:01.649747,Rawalpindi,7,22,8,0.0,33.94
328.06,0.17,1.48,120.8,3.62,72.07,123.04,0.45,4.0,2026-08-22 08:22:51.451949,Rawalpindi,8,22,8,0.0,34.49
327.63,0.16,1.51,126.22,3.66,75.11,127.95,0.47,5.0,2026-08-22 09:21:58.620830,Rawalpindi,9,22,8,1.0,35.05
305.15,0.14,1.51,125.96,3.52,72.71,133.43,0.38,4.0,2026-08-22 10:17:58.298895,Rawalpindi,10,22,8,-1.0,34.49
285.45,0.12,1.72,123.9,3.27,69.32,133.48,0.35,4.0,2026-08-22 11:16:17.472849,Rawalpindi,11,22,8,0.0,32.83
289.05,0.1,2.31,123.81,3.19,68.53,131.63,0.49,4.0,2026-08-22 12:28:48.420814,Rawalpindi,12,22,8,0.0,31.4
324.45,0.08,5.58,112.43,3.0,69.4,134.03,1.83,4.0,2026-08-22 13:27:28.509825,Rawalpindi,13,22,8,0.0,30.05
370.24,0.01,8.25,103.11,2.87,71.61,133.81,2.77,4.0,2026-08-22 14:16:18.464523,Rawalpindi,14,22,8,0.0,30.05
413.91,0.0,9.85,94.96,2.74,73.84,133.72,3.61,4.0,2026-08-22 15:15:38.446963,Rawalpindi,15,22,8,0.0,28.94
455.39,0.0,11.07,86.4,2.59,75.81,132.65,4.33,5.0,2026-08-22 16:18:10.020297,Rawalpindi,16,22,8,1.0,28.94
499.31,0.0,12.21,78.07,2.47,77.47,132.49,4.77,5.0,2026-08-22 17:16:27.430314,Rawalpindi,17,22,8,0.0,28.38
536.04,0.0,13.37,69.92,2.38,77.76,132.24,4.71,5.0,2026-08-22 18:21:30.427352,Rawalpindi,18,22,8,0.0,28.38
561.48,0.0,14.34,61.2,2.81,75.62,127.21,3.99,5.0,2026-08-22 19:19:16.832321,Rawalpindi,19,22,8,0.0,28.38
585.37,0.0,14.51,54.38,3.35,73.72,119.68,2.89,4.0,2026-08-22 20:16:36.931638,Rawalpindi,20,22,8,-1.0,28.38
600.0,0.0,13.51,50.75,3.62,72.35,111.59,2.06,4.0,2026-08-22 21:16:58.507585,Rawalpindi,21,22,8,0.0,27.39
588.61,0.0,11.58,49.93,3.35,70.83,102.7,1.6,4.0,2026-08-22 22:16:34.264103,Rawalpindi,22,22,8,0.0,26.89
575.91,0.0,10.09,51.48,2.82,70.79,98.22,1.35,4.0,2026-08-22 23:15:38.445712,Rawalpindi,23,22,8,0.0,26.19
534.15,0.0,8.07,56.72,2.04,70.79,93.38,1.2,4.0,2026-08-23 01:01:31.482585,Rawalpindi,1,23,8,0.0,26.39
547.11,0.66,7.69,53.79,2.04,72.28,92.96,1.53,4.0,2026-08-23 02:57:47.858756,Rawalpindi,2,23,8,0.0,28.59
507.05,0.65,5.75,75.51,2.43,69.18,90.21,1.2,4.0,2026-08-23 03:50:53.106744,Rawalpindi,3,23,8,0.0,30.23
480.86,0.46,4.41,90.81,2.37,66.92,86.09,1.11,4.0,2026-08-23 04:31:37.887865,Rawalpindi,4,23,8,0.0,31.6
480.86,0.46,4.41,90.81,2.37,66.92,86.09,1.11,4.0,2026-08-23 05:23:59.457745,Rawalpindi,5,23,8,0.0,31.57
455.95,0.21,3.1,106.85,2.07,64.49,79.67,1.06,4.0,2026-08-23 06:32:29.578906,Rawalpindi,6,23,8,0.0,34.04
455.95,0.21,3.1,106.85,2.07,64.49,79.67,1.06,4.0,2026-08-23 07:29:07.478479,Rawalpindi,7,23,8,0.0,33.95
421.47,0.21,2.45,112.28,1.79,59.85,73.62,0.97,4.0,2026-08-23 08:23:13.062656,Rawalpindi,8,23,8,0.0,34.17
411.9,0.19,2.11,119.4,1.65,60.39,73.57,0.99,4.0,2026-08-23 09:22:36.141730,Rawalpindi,9,23,8,0.0,34.49
375.4,0.17,1.8,123.59,1.44,56.41,69.27,0.91,4.0,2026-08-23 10:18:28.089600,Rawalpindi,10,23,8,0.0,33.94
332.02,0.14,1.75,121.89,1.25,49.72,62.41,0.84,3.0,2026-08-23 11:16:50.388545,Rawalpindi,11,23,8,-1.0,33.13
313.03,0.12,2.07,120.33,1.21,45.82,58.6,0.84,3.0,2026-08-23 12:29:16.608509,Rawalpindi,12,23,8,0.0,33.35
327.93,0.15,6.89,96.19,1.09,45.3,58.95,2.27,3.0,2026-08-23 13:28:35.119055,Rawalpindi,13,23,8,0.0,30.89
427.56,0.02,13.55,70.15,1.16,48.28,62.8,4.26,3.0,2026-08-23 14:18:38.504874,Rawalpindi,14,23,8,0.0,29.49
510.58,0.0,17.56,53.45,1.22,51.66,67.34,5.37,4.0,2026-08-23 15:17:11.067869,Rawalpindi,15,23,8,1.0,28.94
575.55,0.0,20.25,43.45,1.29,55.03,71.75,6.1,4.0,2026-08-23 16:18:59.152146,Rawalpindi,16,23,8,0.0,28.38
624.27,0.0,21.69,36.74,1.3,58.29,76.2,6.24,4.0,2026-08-23 17:16:44.424073,Rawalpindi,17,23,8,0.0,27.83
654.96,0.0,22.2,32.21,1.23,60.49,79.68,5.95,4.0,2026-08-23 18:21:26.056922,Rawalpindi,18,23,8,0.0,27.83
653.42,0.0,21.44,30.03,1.09,61.36,81.75,5.55,4.0,2026-08-23 19:19:02.087480,Rawalpindi,19,23,8,0.0,26.72
643.16,0.01,20.32,29.14,1.03,61.72,83.63,5.63,4.0,2026-08-23 20:16:23.231016,Rawalpindi,20,23,8,0.0,26.16
630.86,0.01,19.11,29.98,1.05,61.88,85.51,6.05,4.0,2026-08-23 21:16:55.410898,Rawalpindi,21,23,8,0.0,25.61
620.73,0.02,18.56,31.65,1.2,61.84,87.05,7.6,4.0,2026-08-23 22:16:37.541138,Rawalpindi,22,23,8,0.0,25.05
635.0,0.02,19.93,30.16,1.47,62.75,88.76,10.41,4.0,2026-08-23 23:16:12.322837,Rawalpindi,23,23,8,0.0,25.05
716.54,0.06,25.22,24.41,2.03,66.78,93.71,15.91,4.0,2026-08-24 00:59:26.407716,Rawalpindi,0,24,8,0.0,25.05
788.04,1.64,26.64,20.86,2.27,68.59,96.34,17.46,4.0,2026-08-24 02:24:21.238634,Rawalpindi,2,24,8,0.0,26.72
498.31,1.67,9.8,77.71,1.76,55.69,85.47,4.6,4.0,2026-08-24 03:50:28.535003,Rawalpindi,3,24,8,0.0,29.49
433.98,0.92,6.12,97.88,1.83,57.81,86.79,3.25,4.0,2026-08-24 04:39:32.183627,Rawalpindi,4,24,8,0.0,32.27
436.62,0.53,4.39,117.75,1.81,68.5,97.05,3.15,4.0,2026-08-24 05:33:47.107879,Rawalpindi,5,24,8,0.0,32.27
333.21,0.23,2.1,124.28,1.72,60.81,89.77,1.77,4.0,2026-08-24 06:46:15.165796,Rawalpindi,6,24,8,0.0,32.83
281.81,0.16,1.45,121.56,1.41,54.37,84.0,1.25,4.0,2026-08-24 07:53:42.133369,Rawalpindi,7,24,8,0.0,33.38
271.33,0.15,1.4,122.26,1.26,53.08,83.4,1.22,4.0,2026-08-24 08:41:41.882000,Rawalpindi,8,24,8,0.0,34.49
253.82,0.14,1.36,120.08,1.08,49.38,81.03,1.14,3.0,2026-08-24 09:41:14.406571,Rawalpindi,9,24,8,-1.0,34.49
234.41,0.13,1.42,115.73,0.92,45.28,77.96,1.05,3.0,2026-08-24 10:32:39.749489,Rawalpindi,10,24,8,0.0,34.49
234.41,0.13,1.42,115.73,0.92,45.28,77.96,1.05,3.0,2026-08-24 11:22:43.297979,Rawalpindi,11,24,8,0.0,34.49
296.56,0.16,7.1,94.86,0.96,44.5,79.01,2.42,3.0,2026-08-24 12:38:58.704235,Rawalpindi,12,24,8,0.0,34.49
389.06,0.02,13.5,75.27,1.21,36.1,57.49,4.25,3.0,2026-08-24 13:46:15.556717,Rawalpindi,13,24,8,0.0,31.72
465.9,0.0,17.19,61.0,1.31,37.7,59.77,5.73,3.0,2026-08-24 14:36:24.421022,Rawalpindi,14,24,8,0.0,31.16
520.15,0.0,19.42,52.13,1.37,39.49,62.6,6.86,3.0,2026-08-24 15:34:23.829931,Rawalpindi,15,24,8,0.0,30.05
573.6,0.0,21.29,44.33,1.44,42.2,66.92,7.79,3.0,2026-08-24 16:31:04.144761,Rawalpindi,16,24,8,0.0,28.94
573.6,0.0,21.29,44.33,1.44,42.2,66.92,7.79,3.0,2026-08-24 17:26:16.090538,Rawalpindi,17,24,8,0.0,27.83
670.57,0.01,25.94,29.08,1.58,49.05,78.03,10.0,3.0,2026-08-24 18:33:01.615098,Rawalpindi,18,24,8,0.0,27.27
670.57,0.01,25.94,29.08,1.58,49.05,78.03,10.0,3.0,2026-08-24 19:24:47.679528,Rawalpindi,19,24,8,0.0,27.27
708.7,0.01,28.08,25.31,1.82,52.62,84.2,12.6,4.0,2026-08-24 20:23:59.379141,Rawalpindi,20,24,8,1.0,26.72
748.95,0.03,30.16,22.36,2.05,56.03,89.91,15.24,4.0,2026-08-24 21:23:58.779780,Rawalpindi,21,24,8,0.0,26.72
784.23,0.06,31.98,19.82,2.27,58.74,94.58,17.74,4.0,2026-08-24 22:20:33.573208,Rawalpindi,22,24,8,0.0,26.16
817.53,0.14,33.25,17.0,2.4,61.45,99.43,19.56,4.0,2026-08-24 23:18:38.751781,Rawalpindi,23,24,8,0.0,26.16
898.75,1.22,31.87,10.8,1.87,66.8,107.71,13.81,4.0,2026-08-25 00:59:10.805417,Rawalpindi,0,25,8,0.0,26.16
962.2,4.46,27.26,10.91,1.62,69.48,111.41,10.29,4.0,2026-08-25 02:19:30.980070,Rawalpindi,2,25,8,0.0,27.83
683.31,3.28,12.36,66.65,1.67,64.23,113.4,4.54,4.0,2026-08-25 03:43:42.755609,Rawalpindi,3,25,8,0.0,31.16
634.54,2.16,10.07,87.41,1.73,67.7,114.39,3.91,4.0,2026-08-25 04:34:07.692004,Rawalpindi,4,25,8,0.0,32.83
634.54,2.16,10.07,87.41,1.73,67.7,114.39,3.91,4.0,2026-08-25 05:26:49.226848,Rawalpindi,5,25,8,0.0,33.94
333.09,0.24,2.06,128.12,1.43,63.0,119.08,1.51,4.0,2026-08-25 06:37:51.834670,Rawalpindi,6,25,8,0.0,34.49
276.11,0.15,1.29,126.7,1.17,57.03,110.67,1.01,4.0,2026-08-25 07:40:00.724441,Rawalpindi,7,25,8,0.0,34.49
265.41,0.14,1.24,127.39,1.14,55.57,107.09,0.93,4.0,2026-08-25 08:35:53.575019,Rawalpindi,8,25,8,0.0,35.61
260.44,0.14,1.3,129.06,1.17,54.32,104.63,0.92,4.0,2026-08-25 09:30:12.865779,Rawalpindi,9,25,8,0.0,35.61
260.44,0.14,1.3,129.06,1.17,54.32,104.63,0.92,4.0,2026-08-25 10:26:05.203679,Rawalpindi,10,25,8,0.0,35.61
254.09,0.14,1.52,128.44,1.21,51.78,100.01,0.93,4.0,2026-08-25 11:22:26.594310,Rawalpindi,11,25,8,0.0,35.61
329.89,0.18,8.38,105.86,1.49,50.69,95.97,2.52,4.0,2026-08-25 12:37:45.286049,Rawalpindi,12,25,8,0.0,34.49
449.9,0.02,17.04,78.63,1.65,46.43,84.23,4.89,3.0,2026-08-25 13:44:22.644233,Rawalpindi,13,25,8,-1.0,33.38
553.72,0.0,22.18,60.15,1.92,49.74,88.15,6.93,3.0,2026-08-25 14:39:42.184547,Rawalpindi,14,25,8,0.0,31.72
631.43,0.0,25.36,48.54,2.16,52.96,92.33,8.83,4.0,2026-08-25 15:37:40.594149,Rawalpindi,15,25,8,1.0,30.61
696.15,0.0,27.16,40.81,2.27,56.52,97.38,9.96,4.0,2026-08-25 16:30:47.732528,Rawalpindi,16,25,8,0.0,30.05
696.15,0.0,27.16,40.81,2.27,56.52,97.38,9.96,4.0,2026-08-25 17:26:31.395764,Rawalpindi,17,25,8,0.0,29.49
760.67,0.01,28.31,31.3,2.11,61.26,104.65,10.08,4.0,2026-08-25 18:32:57.867717,Rawalpindi,18,25,8,0.0,28.94
760.67,0.01,28.31,31.3,2.11,61.26,104.65,10.08,4.0,2026-08-25 19:26:59.330204,Rawalpindi,19,25,8,0.0,28.38
776.67,0.03,28.33,27.78,2.16,63.37,108.03,11.23,4.0,2026-08-25 20:22:34.183585,Rawalpindi,20,25,8,0.0,28.38
802.74,0.06,28.99,24.05,2.28,65.86,111.61,13.0,4.0,2026-08-25 21:22:31.103720,Rawalpindi,21,25,8,0.0,28.38
829.94,0.12,29.62,20.16,2.35,68.08,114.73,14.35,4.0,2026-08-25 22:21:03.238498,Rawalpindi,22,25,8,0.0,27.83
860.66,0.28,29.15,16.24,2.2,70.47,117.87,13.66,4.0,2026-08-25 23:20:51.947620,Rawalpindi,23,25,8,0.0,27.83
962.77,1.35,27.71,10.31,1.55,75.91,122.0,8.19,5.0,2026-08-26 01:00:22.735961,Rawalpindi,1,26,8,1.0,27.27
1085.29,7.95,20.71,20.89,1.82,79.86,127.16,7.44,5.0,2026-08-26 02:36:17.916324,Rawalpindi,2,26,8,0.0,28.94
681.45,2.38,12.25,74.77,4.62,68.38,132.86,3.93,4.0,2026-08-26 03:49:51.021921,Rawalpindi,3,26,8,-1.0,30.61
584.05,1.3,8.24,102.64,4.87,71.59,136.49,3.25,4.0,2026-08-26 04:34:53.686550,Rawalpindi,4,26,8,0.0,32.27
584.05,1.3,8.24,102.64,4.87,71.59,136.49,3.25,4.0,2026-08-26 05:29:12.884598,Rawalpindi,5,26,8,0.0,33.38
328.77,0.21,1.96,137.58,5.93,72.04,149.88,1.01,4.0,2026-08-26 06:39:29.517656,Rawalpindi,6,26,8,0.0,35.61
250.5,0.16,1.33,131.43,5.64,64.87,145.55,0.31,4.0,2026-08-26 07:41:22.506340,Rawalpindi,7,26,8,0.0,35.05
233.91,0.14,1.27,130.24,5.2,62.97,142.16,0.18,4.0,2026-08-26 08:37:16.636375,Rawalpindi,8,26,8,0.0,35.61
225.53,0.14,1.33,130.18,4.87,61.54,139.88,0.14,4.0,2026-08-26 09:35:29.721171,Rawalpindi,9,26,8,0.0,36.16
225.53,0.14,1.33,130.18,4.87,61.54,139.88,0.14,4.0,2026-08-26 10:29:50.210232,Rawalpindi,10,26,8,0.0,36.16
219.87,0.13,1.51,128.73,4.6,59.83,137.29,0.17,4.0,2026-08-26 11:24:26.085527,Rawalpindi,11,26,8,0.0,35.61
292.86,0.13,7.9,107.58,4.33,59.88,135.38,1.77,4.0,2026-08-26 12:41:06.652372,Rawalpindi,12,26,8,0.0,34.49
419.96,0.01,16.36,78.83,4.29,64.57,142.46,4.26,4.0,2026-08-26 13:50:37.183407,Rawalpindi,13,26,8,0.0,33.38
525.94,0.0,21.68,63.01,4.27,69.11,146.5,6.66,4.0,2026-08-26 14:39:15.574469,Rawalpindi,14,26,8,0.0,32.27
611.2,0.0,25.24,53.0,4.4,73.38,150.49,9.01,4.0,2026-08-26 16:14:01.706579,Rawalpindi,16,26,8,0.0,31.72
720.08,0.0,26.2,38.61,3.34,83.35,164.64,9.24,5.0,2026-08-26 18:54:38.430608,Rawalpindi,18,26,8,1.0,29.49
750.73,0.0,25.99,33.85,3.67,89.1,175.16,14.29,5.0,2026-08-26 21:35:51.098458,Rawalpindi,21,26,8,0.0,28.94
1012.73,5.82,20.57,21.29,2.26,95.77,178.71,8.01,5.0,2026-08-27 02:49:51.043845,Rawalpindi,2,27,8,0.0,30.05
495.89,0.01,20.05,82.18,4.52,78.26,192.18,5.65,5.0,2026-08-27 13:39:25.997241,Rawalpindi,13,27,8,0.0,35.05
875.18,0.17,27.83,24.19,2.53,89.23,194.04,9.73,5.0,2026-08-27 23:30:48.250466,Rawalpindi,23,27,8,0.0,28.38
312.23,0.14,1.52,136.21,5.93,94.67,223.25,0.56,5.0,2026-08-28 08:42:08.332043,Rawalpindi,8,28,8,0.0,34.49
714.54,0.03,22.82,32.92,1.82,87.87,191.14,6.22,5.0,2026-08-28 20:38:26.637444,Rawalpindi,20,28,8,0.0,29.49
937.12,4.6,17.98,23.87,1.75,95.06,189.95,5.07,5.0,2026-08-29 03:01:51.497416,Rawalpindi,3,29,8,0.0,30.05
344.24,0.3,4.03,128.85,3.95,94.2,215.72,1.82,5.0,2026-08-29 10:41:14.100812,Rawalpindi,10,29,8,0.0,35.61
459.5,0.0,14.28,84.53,3.81,90.25,208.82,5.1,5.0,2026-08-29 15:25:46.296647,Rawalpindi,15,29,8,0.0,32.27
604.42,0.0,20.2,48.69,2.69,89.76,198.96,7.88,5.0,2026-08-29 19:06:31.210474,Rawalpindi,19,29,8,0.0,30.05
702.97,0.02,23.55,30.58,2.39,91.84,196.74,10.63,5.0,2026-08-29 22:14:21.524277,Rawalpindi,22,29,8,0.0,29.49
724.12,0.0,18.33,30.18,2.26,94.12,196.41,5.44,5.0,2026-08-30 00:58:33.664571,Rawalpindi,0,30,8,0.0,28.38
571.66,0.42,3.73,124.35,5.44,112.96,188.32,2.19,5.0,2026-08-30 06:20:09.063862,Rawalpindi,6,30,8,0.0,33.94
291.61,0.04,5.18,110.81,4.15,78.43,189.81,1.62,5.0,2026-08-30 12:32:08.545178,Rawalpindi,12,30,8,0.0,35.49
466.98,0.0,16.88,55.93,2.8,67.7,158.18,6.35,4.0,2026-08-30 17:09:03.911772,Rawalpindi,17,30,8,-1.0,30.82
596.03,0.02,21.72,33.01,1.93,72.49,154.41,6.98,4.0,2026-08-30 20:26:31.586886,Rawalpindi,20,30,8,0.0,28.38
603.85,0.0,16.19,33.97,2.09,82.41,160.93,5.19,5.0,2026-08-30 23:05:07.653082,Rawalpindi,23,30,8,1.0,27.83
605.15,0.71,9.88,52.68,3.03,87.83,140.69,3.3,5.0,2026-08-31 03:08:48.910791,Rawalpindi,3,31,8,0.0,28.94
